#pragma once

#include <stdint.h>
#include <stddef.h>

typedef struct {
    uint32_t codepoint;
    const uint8_t *small;
    const uint8_t *large;
} plant_zh_glyph_t;

static const uint8_t glyph_4E0D_small[] = {
    0x00, 0x00, 0xFF, 0xFE, 0x01, 0x80, 0x01, 0x00, 0x03, 0x00, 0x05, 0x00,
    0x09, 0x60, 0x19, 0x30, 0x31, 0x0C, 0x61, 0x06, 0xC1, 0x00, 0x01, 0x00,
    0x01, 0x00, 0x01, 0x00, 0x01, 0x00, 0x00, 0x00,
};

static const uint8_t glyph_4E0D_large[] = {
    0x00, 0x00, 0x00, 0xFF, 0xFF, 0xFE, 0xFF, 0xFF, 0xFE, 0x00, 0x1C, 0x00,
    0x00, 0x18, 0x00, 0x00, 0x38, 0x00, 0x00, 0x70, 0x00, 0x00, 0xE0, 0x00,
    0x01, 0xF2, 0x00, 0x03, 0xB7, 0x80, 0x07, 0x33, 0xC0, 0x0E, 0x30, 0xF0,
    0x1C, 0x30, 0x78, 0x38, 0x30, 0x1E, 0xF0, 0x30, 0x0F, 0xE0, 0x30, 0x02,
    0x80, 0x30, 0x00, 0x00, 0x30, 0x00, 0x00, 0x30, 0x00, 0x00, 0x30, 0x00,
    0x00, 0x30, 0x00, 0x00, 0x30, 0x00, 0x00, 0x00, 0x00, 0x00, 0x00, 0x00,
};

static const uint8_t glyph_4E2D_small[] = {
    0x01, 0x00, 0x01, 0x00, 0x01, 0x00, 0x7F, 0xFC, 0x41, 0x04, 0x41, 0x04,
    0x41, 0x04, 0x41, 0x04, 0x7F, 0xFC, 0x41, 0x04, 0x01, 0x00, 0x01, 0x00,
    0x01, 0x00, 0x01, 0x00, 0x01, 0x00, 0x00, 0x00,
};

static const uint8_t glyph_4E2D_large[] = {
    0x00, 0x00, 0x00, 0x00, 0x18, 0x00, 0x00, 0x18, 0x00, 0x00, 0x18, 0x00,
    0x00, 0x18, 0x00, 0x3F, 0xFF, 0xFC, 0x3F, 0xFF, 0xFC, 0x30, 0x18, 0x0C,
    0x30, 0x18, 0x0C, 0x30, 0x18, 0x0C, 0x30, 0x18, 0x0C, 0x30, 0x18, 0x0C,
    0x30, 0x18, 0x0C, 0x3F, 0xFF, 0xFC, 0x3F, 0xFF, 0xFC, 0x30, 0x18, 0x0C,
    0x00, 0x18, 0x00, 0x00, 0x18, 0x00, 0x00, 0x18, 0x00, 0x00, 0x18, 0x00,
    0x00, 0x18, 0x00, 0x00, 0x18, 0x00, 0x00, 0x18, 0x00, 0x00, 0x00, 0x00,
};

static const uint8_t glyph_4E8C_small[] = {
    0x00, 0x00, 0x00, 0x00, 0x7F, 0xFC, 0x00, 0x00, 0x00, 0x00, 0x00, 0x00,
    0x00, 0x00, 0x00, 0x00, 0x00, 0x00, 0x00, 0x00, 0x00, 0x00, 0x00, 0x00,
    0xFF, 0xFE, 0x00, 0x00, 0x00, 0x00, 0x00, 0x00,
};

static const uint8_t glyph_4E8C_large[] = {
    0x00, 0x00, 0x00, 0x00, 0x00, 0x00, 0x00, 0x00, 0x00, 0x1F, 0xFF, 0xF8,
    0x1F, 0xFF, 0xF8, 0x00, 0x00, 0x00, 0x00, 0x00, 0x00, 0x00, 0x00, 0x00,
    0x00, 0x00, 0x00, 0x00, 0x00, 0x00, 0x00, 0x00, 0x00, 0x00, 0x00, 0x00,
    0x00, 0x00, 0x00, 0x00, 0x00, 0x00, 0x00, 0x00, 0x00, 0x00, 0x00, 0x00,
    0x00, 0x00, 0x00, 0x00, 0x00, 0x00, 0x7F, 0xFF, 0xFE, 0x7F, 0xFF, 0xFE,
    0x00, 0x00, 0x00, 0x00, 0x00, 0x00, 0x00, 0x00, 0x00, 0x00, 0x00, 0x00,
};

static const uint8_t glyph_4EAE_small[] = {
    0x01, 0x00, 0x00, 0x80, 0x7F, 0xFF, 0x00, 0x00, 0x1F, 0xF8, 0x10, 0x08,
    0x1F, 0xF8, 0x00, 0x00, 0x7F, 0xFE, 0x40, 0x02, 0x07, 0xE0, 0x04, 0x21,
    0x04, 0x21, 0x18, 0x21, 0x70, 0x3E, 0x00, 0x00,
};

static const uint8_t glyph_4EAE_large[] = {
    0x00, 0x00, 0x00, 0x00, 0x30, 0x00, 0x00, 0x18, 0x00, 0x7F, 0xFF, 0xFE,
    0x7F, 0xFF, 0xFE, 0x00, 0x00, 0x00, 0x0F, 0xFF, 0xF0, 0x0F, 0xFF, 0xF0,
    0x0C, 0x00, 0x30, 0x0F, 0xFF, 0xF0, 0x0F, 0xFF, 0xF0, 0x00, 0x00, 0x00,
    0x7F, 0xFF, 0xFE, 0x7F, 0xFF, 0xFE, 0x60, 0x00, 0x06, 0x61, 0xFF, 0x86,
    0x01, 0xFF, 0x80, 0x01, 0x81, 0x82, 0x03, 0x81, 0x83, 0x07, 0x01, 0x83,
    0x1F, 0x01, 0x87, 0xFC, 0x01, 0xFE, 0x70, 0x00, 0xFC, 0x00, 0x00, 0x00,
};

static const uint8_t glyph_4F4E_small[] = {
    0x00, 0x00, 0x08, 0x0E, 0x13, 0xF8, 0x12, 0x20, 0x22, 0x20, 0x22, 0x20,
    0x62, 0x20, 0xE3, 0xFF, 0xA2, 0x20, 0x22, 0x20, 0x22, 0x10, 0x22, 0x51,
    0x23, 0x99, 0x23, 0x49, 0x24, 0x26, 0x00, 0x00,
};

static const uint8_t glyph_4F4E_large[] = {
    0x00, 0x00, 0x00, 0x03, 0x00, 0x00, 0x07, 0x00, 0x3E, 0x06, 0xFF, 0xFE,
    0x06, 0xFF, 0xE0, 0x0C, 0xC1, 0x80, 0x0C, 0xC1, 0x80, 0x18, 0xC1, 0x80,
    0x38, 0xC1, 0x80, 0x38, 0xC1, 0x80, 0x78, 0xFF, 0xFF, 0xD8, 0xFF, 0xFF,
    0xD8, 0xC1, 0x80, 0x98, 0xC0, 0xC0, 0x18, 0xC0, 0xC0, 0x18, 0xC0, 0xC0,
    0x18, 0xC2, 0xC0, 0x18, 0xCE, 0x63, 0x18, 0xFC, 0x63, 0x18, 0xF4, 0x33,
    0x19, 0xC3, 0x3E, 0x18, 0x81, 0x8E, 0x18, 0x00, 0x80, 0x00, 0x00, 0x00,
};

static const uint8_t glyph_4F60_small[] = {
    0x08, 0x80, 0x08, 0x80, 0x11, 0xFF, 0x11, 0x01, 0x12, 0x23, 0x32, 0x22,
    0x30, 0x20, 0x50, 0xA4, 0x51, 0x26, 0x13, 0x22, 0x12, 0x23, 0x14, 0x21,
    0x10, 0x20, 0x10, 0x20, 0x11, 0xE0, 0x00, 0x00,
};

static const uint8_t glyph_4F60_large[] = {
    0x03, 0x08, 0x00, 0x07, 0x1C, 0x00, 0x06, 0x18, 0x00, 0x06, 0x1F, 0xFF,
    0x0E, 0x3F, 0xFF, 0x0C, 0x70, 0x03, 0x1C, 0x60, 0x06, 0x1C, 0xE1, 0x8E,
    0x3C, 0x41, 0x8C, 0x7C, 0x01, 0x80, 0xEC, 0x19, 0x88, 0xCC, 0x39, 0x9C,
    0x8C, 0x31, 0x8C, 0x0C, 0x61, 0x8E, 0x0C, 0x61, 0x86, 0x0C, 0xC1, 0x86,
    0x0D, 0xC1, 0x87, 0x0C, 0x81, 0x82, 0x0C, 0x01, 0x80, 0x0C, 0x01, 0x80,
    0x0C, 0x3F, 0x80, 0x0C, 0x3F, 0x00, 0x00, 0x00, 0x00, 0x00, 0x00, 0x00,
};

static const uint8_t glyph_4FE1_small[] = {
    0x00, 0x00, 0x10, 0x80, 0x10, 0xC0, 0x2F, 0xFE, 0x20, 0x00, 0x67, 0xFC,
    0x60, 0x00, 0xE7, 0xFC, 0xA0, 0x00, 0x20, 0x00, 0x27, 0xFC, 0x24, 0x04,
    0x24, 0x04, 0x24, 0x04, 0x27, 0xFC, 0x00, 0x00,
};

static const uint8_t glyph_4FE1_large[] = {
    0x00, 0x00, 0x00, 0x06, 0x02, 0x00, 0x06, 0x07, 0x00, 0x0C, 0x03, 0x00,
    0x0D, 0xFF, 0xFF, 0x1D, 0xFF, 0xFF, 0x18, 0x00, 0x00, 0x18, 0xFF, 0xFE,
    0x38, 0xFF, 0xFE, 0x38, 0x00, 0x00, 0x78, 0x00, 0x00, 0xD8, 0xFF, 0xFC,
    0xD8, 0xFF, 0xFC, 0x98, 0x00, 0x00, 0x18, 0x00, 0x00, 0x18, 0xFF, 0xFC,
    0x18, 0xFF, 0xFC, 0x18, 0xC0, 0x0C, 0x18, 0xC0, 0x0C, 0x18, 0xC0, 0x0C,
    0x18, 0xFF, 0xFC, 0x18, 0xFF, 0xFC, 0x18, 0xC0, 0x0C, 0x00, 0x00, 0x00,
};

static const uint8_t glyph_504F_small[] = {
    0x10, 0x40, 0x10, 0x20, 0x27, 0xFE, 0x24, 0x02, 0x27, 0xFE, 0x64, 0x02,
    0x64, 0x00, 0xA5, 0xFE, 0xA5, 0x4A, 0x25, 0x4A, 0x25, 0xFE, 0x25, 0x4A,
    0x29, 0x4A, 0x29, 0x4A, 0x31, 0x0E, 0x00, 0x00,
};

static const uint8_t glyph_504F_large[] = {
    0x06, 0x02, 0x00, 0x06, 0x07, 0x00, 0x0C, 0x01, 0x80, 0x0D, 0xFF, 0xFE,
    0x0D, 0xFF, 0xFE, 0x19, 0x80, 0x06, 0x19, 0x80, 0x06, 0x39, 0xFF, 0xFE,
    0x39, 0xFF, 0xFE, 0x79, 0x80, 0x06, 0x79, 0x80, 0x00, 0xD9, 0xBF, 0xFE,
    0xD9, 0xBF, 0xFE, 0x19, 0xB3, 0x66, 0x19, 0xB3, 0x66, 0x19, 0xB3, 0x66,
    0x19, 0xBF, 0xFE, 0x1B, 0xBF, 0xFE, 0x1B, 0x33, 0x66, 0x1B, 0x33, 0x66,
    0x1F, 0x33, 0x66, 0x1E, 0x30, 0x3E, 0x1A, 0x30, 0x3C, 0x00, 0x00, 0x00,
};

static const uint8_t glyph_5065_small[] = {
    0x10, 0x20, 0x1E, 0xFC, 0x22, 0x24, 0x25, 0xFE, 0x64, 0x24, 0x68, 0xFC,
    0xEE, 0x24, 0xA2, 0x20, 0x2A, 0xFC, 0x2A, 0x20, 0x2D, 0xFC, 0x24, 0x20,
    0x2E, 0x20, 0x29, 0xFE, 0x30, 0x00, 0x00, 0x00,
};

static const uint8_t glyph_5065_large[] = {
    0x00, 0x00, 0x00, 0x06, 0x00, 0xC0, 0x07, 0xF7, 0xFC, 0x0D, 0xF7, 0xFC,
    0x0C, 0x30, 0xCC, 0x18, 0x60, 0xCC, 0x18, 0xCF, 0xFF, 0x39, 0x8F, 0xFF,
    0x3B, 0x00, 0xCC, 0x7B, 0xF0, 0xCC, 0xDB, 0xF7, 0xFC, 0xD8, 0x37, 0xFC,
    0x98, 0x30, 0xC0, 0x1C, 0x37, 0xFC, 0x1E, 0x37, 0xFC, 0x1B, 0x60, 0xC0,
    0x1B, 0xEF, 0xFE, 0x19, 0xEF, 0xFE, 0x18, 0xE0, 0xC0, 0x18, 0xF8, 0x00,
    0x19, 0x9F, 0xFF, 0x19, 0x87, 0xFF, 0x1B, 0x00, 0x00, 0x00, 0x00, 0x00,
};

static const uint8_t glyph_5145_small[] = {
    0x00, 0x00, 0x01, 0x00, 0x01, 0x80, 0xFF, 0xFE, 0x06, 0x00, 0x0C, 0x20,
    0x18, 0x10, 0x30, 0x18, 0x7F, 0xFC, 0x04, 0x44, 0x04, 0x40, 0x0C, 0x42,
    0x08, 0x42, 0x30, 0x42, 0xC0, 0x7C, 0x00, 0x00,
};

static const uint8_t glyph_5145_large[] = {
    0x00, 0x00, 0x00, 0x00, 0x10, 0x00, 0x00, 0x38, 0x00, 0x00, 0x1C, 0x00,
    0xFF, 0xFF, 0xFF, 0xFF, 0xFF, 0xFF, 0x00, 0x70, 0x00, 0x00, 0xC1, 0x00,
    0x01, 0x80, 0xC0, 0x03, 0x00, 0x60, 0x04, 0x00, 0x30, 0x1F, 0xFF, 0xFC,
    0x3F, 0xFF, 0xFE, 0x10, 0xC3, 0x04, 0x00, 0xC3, 0x00, 0x00, 0xC3, 0x00,
    0x01, 0x83, 0x02, 0x01, 0x83, 0x03, 0x03, 0x03, 0x03, 0x0F, 0x03, 0x07,
    0x3C, 0x03, 0xFE, 0xF8, 0x01, 0xFE, 0x60, 0x00, 0x00, 0x00, 0x00, 0x00,
};

static const uint8_t glyph_5149_small[] = {
    0x00, 0x00, 0x00, 0x80, 0x20, 0x82, 0x10, 0x84, 0x08, 0x88, 0x04, 0x90,
    0x00, 0x80, 0x7F, 0xFF, 0x04, 0x20, 0x04, 0x20, 0x04, 0x20, 0x08, 0x21,
    0x08, 0x21, 0x30, 0x21, 0x60, 0x3E, 0x00, 0x00,
};

static const uint8_t glyph_5149_large[] = {
    0x00, 0x00, 0x00, 0x00, 0x18, 0x00, 0x00, 0x18, 0x00, 0x20, 0x18, 0x08,
    0x38, 0x18, 0x1C, 0x1C, 0x18, 0x38, 0x0E, 0x18, 0x70, 0x07, 0x19, 0xC0,
    0x02, 0x18, 0x80, 0x00, 0x18, 0x00, 0xFF, 0xFF, 0xFF, 0xFF, 0xFF, 0xFF,
    0x01, 0x83, 0x00, 0x01, 0x83, 0x00, 0x01, 0x83, 0x00, 0x01, 0x83, 0x02,
    0x03, 0x03, 0x03, 0x03, 0x03, 0x03, 0x06, 0x03, 0x03, 0x0E, 0x03, 0x07,
    0x3C, 0x03, 0xFE, 0xF0, 0x01, 0xFE, 0x40, 0x00, 0x00, 0x00, 0x00, 0x00,
};

static const uint8_t glyph_514B_small[] = {
    0x00, 0x00, 0x01, 0x00, 0xFF, 0xFE, 0x01, 0x00, 0x01, 0x00, 0x3F, 0xF8,
    0x20, 0x08, 0x20, 0x08, 0x20, 0x08, 0x3F, 0xF8, 0x24, 0x48, 0x04, 0x42,
    0x08, 0x42, 0x10, 0x42, 0xE0, 0x7C, 0x00, 0x00,
};

static const uint8_t glyph_514B_large[] = {
    0x00, 0x00, 0x00, 0x00, 0x18, 0x00, 0x00, 0x18, 0x00, 0x7F, 0xFF, 0xFF,
    0x7F, 0xFF, 0xFF, 0x00, 0x18, 0x00, 0x00, 0x18, 0x00, 0x0F, 0xFF, 0xF8,
    0x0F, 0xFF, 0xF8, 0x0C, 0x00, 0x18, 0x0C, 0x00, 0x18, 0x0C, 0x00, 0x18,
    0x0C, 0x00, 0x18, 0x0F, 0xFF, 0xF8, 0x0F, 0xFF, 0xF8, 0x0C, 0x63, 0x18,
    0x00, 0x63, 0x00, 0x00, 0xE3, 0x03, 0x00, 0xC3, 0x03, 0x03, 0x83, 0x03,
    0x0F, 0x03, 0xFE, 0x7E, 0x01, 0xFE, 0x30, 0x00, 0x00, 0x00, 0x00, 0x00,
};

static const uint8_t glyph_517B_small[] = {
    0x0C, 0x30, 0x7F, 0xFE, 0x01, 0x00, 0x01, 0x00, 0x3F, 0xFC, 0x01, 0x00,
    0x03, 0x00, 0x7F, 0xFE, 0x06, 0x20, 0x18, 0x18, 0xE4, 0x26, 0x04, 0x20,
    0x0C, 0x20, 0x38, 0x20, 0x20, 0x20, 0x00, 0x00,
};

static const uint8_t glyph_517B_large[] = {
    0x01, 0x00, 0x80, 0x01, 0x81, 0xC0, 0x00, 0x83, 0x80, 0x3F, 0xFF, 0xFC,
    0x3F, 0xFF, 0xFC, 0x00, 0x10, 0x00, 0x00, 0x10, 0x00, 0x1F, 0xFF, 0xF8,
    0x1F, 0xFF, 0xF8, 0x00, 0x30, 0x00, 0x00, 0x30, 0x00, 0x7F, 0xFF, 0xFE,
    0x7F, 0xFF, 0xFE, 0x01, 0xC1, 0x80, 0x07, 0x00, 0xE0, 0x3F, 0x81, 0xFE,
    0x79, 0x81, 0x9E, 0x41, 0x81, 0x80, 0x01, 0x81, 0x80, 0x03, 0x01, 0x80,
    0x0E, 0x01, 0x80, 0x3C, 0x01, 0x80, 0x10, 0x01, 0x80, 0x00, 0x00, 0x00,
};

static const uint8_t glyph_5206_small[] = {
    0x04, 0x40, 0x0C, 0x60, 0x08, 0x20, 0x10, 0x10, 0x20, 0x08, 0x60, 0x06,
    0x80, 0x03, 0x3F, 0xF0, 0x04, 0x10, 0x04, 0x10, 0x08, 0x10, 0x18, 0x10,
    0x30, 0x10, 0xC3, 0xE0, 0x00, 0x00, 0x00, 0x00,
};

static const uint8_t glyph_5206_large[] = {
    0x00, 0x00, 0x00, 0x00, 0x82, 0x00, 0x01, 0xC7, 0x00, 0x01, 0x83, 0x00,
    0x03, 0x03, 0x80, 0x07, 0x01, 0xC0, 0x0E, 0x00, 0xE0, 0x1C, 0x00, 0x70,
    0x38, 0x00, 0x38, 0x70, 0x00, 0x1E, 0xE0, 0x00, 0x0F, 0x5F, 0xFF, 0xF2,
    0x1F, 0xFF, 0xF0, 0x00, 0xC0, 0x70, 0x00, 0xC0, 0x60, 0x00, 0xC0, 0x60,
    0x01, 0x80, 0x60, 0x01, 0x80, 0x60, 0x03, 0x00, 0x60, 0x07, 0x00, 0xE0,
    0x1E, 0x3F, 0xE0, 0x7C, 0x3F, 0x80, 0x30, 0x00, 0x00, 0x00, 0x00, 0x00,
};

static const uint8_t glyph_5230_small[] = {
    0x00, 0x00, 0x00, 0x02, 0x7F, 0xC2, 0x08, 0x12, 0x11, 0x12, 0x10, 0x92,
    0x3F, 0x92, 0x00, 0x52, 0x04, 0x12, 0x7F, 0xD2, 0x04, 0x12, 0x04, 0x12,
    0x04, 0x02, 0x07, 0xC2, 0x78, 0x1E, 0x00, 0x00,
};

static const uint8_t glyph_5230_large[] = {
    0x00, 0x00, 0x00, 0x00, 0x00, 0x06, 0x7F, 0xFE, 0x06, 0x7F, 0xFE, 0xC6,
    0x06, 0x00, 0xC6, 0x0C, 0x20, 0xC6, 0x0C, 0x70, 0xC6, 0x18, 0x30, 0xC6,
    0x31, 0xF8, 0xC6, 0x7F, 0xF8, 0xC6, 0x3E, 0x0C, 0xC6, 0x00, 0x08, 0xC6,
    0x01, 0x80, 0xC6, 0x01, 0x80, 0xC6, 0x7F, 0xFC, 0xC6, 0x7F, 0xFC, 0xC6,
    0x01, 0x80, 0xC6, 0x01, 0x80, 0xC6, 0x01, 0x80, 0x06, 0x01, 0x8E, 0x06,
    0x0F, 0xFE, 0x06, 0xFF, 0xE0, 0xFE, 0xF0, 0x00, 0xFC, 0x00, 0x00, 0x00,
};

static const uint8_t glyph_529B_small[] = {
    0x02, 0x00, 0x02, 0x00, 0x02, 0x00, 0x7F, 0xFC, 0x02, 0x04, 0x02, 0x04,
    0x02, 0x04, 0x06, 0x04, 0x04, 0x04, 0x04, 0x04, 0x08, 0x04, 0x10, 0x04,
    0x60, 0x04, 0xC0, 0xF8, 0x00, 0x00, 0x00, 0x00,
};

static const uint8_t glyph_529B_large[] = {
    0x00, 0x00, 0x00, 0x00, 0x60, 0x00, 0x00, 0x60, 0x00, 0x00, 0x60, 0x00,
    0x00, 0x60, 0x00, 0x3F, 0xFF, 0xFC, 0x3F, 0xFF, 0xFC, 0x00, 0x60, 0x0C,
    0x00, 0x60, 0x0C, 0x00, 0x60, 0x0C, 0x00, 0x60, 0x0C, 0x00, 0xE0, 0x0C,
    0x00, 0xC0, 0x0C, 0x00, 0xC0, 0x18, 0x00, 0xC0, 0x18, 0x01, 0x80, 0x18,
    0x01, 0x80, 0x18, 0x03, 0x00, 0x18, 0x07, 0x00, 0x18, 0x0E, 0x00, 0x38,
    0x3C, 0x0F, 0xF0, 0x78, 0x0F, 0xE0, 0x20, 0x00, 0x00, 0x00, 0x00, 0x00,
};

static const uint8_t glyph_52A0_small[] = {
    0x10, 0x00, 0x10, 0x00, 0x10, 0x7E, 0x7E, 0x42, 0x12, 0x42, 0x12, 0x42,
    0x12, 0x42, 0x12, 0x42, 0x12, 0x42, 0x12, 0x42, 0x22, 0x42, 0x22, 0x42,
    0x62, 0x7E, 0x5C, 0x42, 0x80, 0x00, 0x00, 0x00,
};

static const uint8_t glyph_52A0_large[] = {
    0x0C, 0x00, 0x00, 0x0C, 0x00, 0x00, 0x0C, 0x03, 0xFE, 0x7F, 0xE3, 0xFE,
    0x7F, 0xE3, 0x06, 0x0C, 0x63, 0x06, 0x0C, 0x63, 0x06, 0x0C, 0x63, 0x06,
    0x0C, 0x63, 0x06, 0x0C, 0x63, 0x06, 0x0C, 0x63, 0x06, 0x0C, 0x63, 0x06,
    0x0C, 0x63, 0x06, 0x1C, 0x63, 0x06, 0x18, 0x63, 0x06, 0x18, 0x63, 0x06,
    0x38, 0x63, 0x06, 0x30, 0x63, 0x06, 0x70, 0x63, 0xFE, 0x60, 0x63, 0xFE,
    0xE7, 0xE3, 0x06, 0x47, 0xC3, 0x06, 0x00, 0x00, 0x00, 0x00, 0x00, 0x00,
};

static const uint8_t glyph_52D2_small[] = {
    0x22, 0x20, 0xFF, 0xA0, 0x22, 0x20, 0x3E, 0xFE, 0x08, 0x22, 0x7F, 0x22,
    0x49, 0x22, 0x7F, 0x22, 0x49, 0x22, 0x08, 0x62, 0xFF, 0x42, 0x08, 0x42,
    0x08, 0x82, 0x09, 0x3C, 0x00, 0x00, 0x00, 0x00,
};

static const uint8_t glyph_52D2_large[] = {
    0x00, 0x00, 0x00, 0x18, 0x61, 0x80, 0x18, 0x61, 0x80, 0xFF, 0xF9, 0x80,
    0xFF, 0xF9, 0x80, 0x18, 0x67, 0xFC, 0x18, 0x67, 0xFC, 0x1F, 0xE1, 0x8C,
    0x1B, 0x61, 0x8C, 0x03, 0x01, 0x8C, 0x7F, 0xF9, 0x8C, 0x63, 0x19, 0x8C,
    0x63, 0x19, 0x8C, 0x63, 0x19, 0x8C, 0x7F, 0xF9, 0x8C, 0x63, 0x1B, 0x8C,
    0x03, 0x03, 0x0C, 0xFF, 0xFB, 0x0C, 0xFF, 0xFF, 0x0C, 0x03, 0x06, 0x1C,
    0x03, 0x0F, 0xFC, 0x03, 0x1D, 0xF0, 0x03, 0x08, 0x00, 0x00, 0x00, 0x00,
};

static const uint8_t glyph_538B_small[] = {
    0x00, 0x00, 0x3F, 0xFF, 0x20, 0x00, 0x20, 0x40, 0x20, 0x40, 0x20, 0x40,
    0x2F, 0xFE, 0x20, 0x40, 0x20, 0x48, 0x20, 0x44, 0x20, 0x46, 0x60, 0x42,
    0x40, 0x40, 0x5F, 0xFF, 0x80, 0x00, 0x00, 0x00,
};

static const uint8_t glyph_538B_large[] = {
    0x00, 0x00, 0x00, 0x1F, 0xFF, 0xFE, 0x1F, 0xFF, 0xFE, 0x18, 0x00, 0x00,
    0x18, 0x06, 0x00, 0x18, 0x06, 0x00, 0x18, 0x06, 0x00, 0x18, 0x06, 0x00,
    0x18, 0x06, 0x00, 0x19, 0xFF, 0xFC, 0x19, 0xFF, 0xFC, 0x18, 0x06, 0x00,
    0x18, 0x06, 0x40, 0x18, 0x06, 0x70, 0x18, 0x06, 0x38, 0x38, 0x06, 0x1C,
    0x30, 0x06, 0x08, 0x30, 0x06, 0x00, 0x70, 0x06, 0x00, 0x67, 0xFF, 0xFE,
    0xC7, 0xFF, 0xFE, 0x40, 0x00, 0x00, 0x00, 0x00, 0x00, 0x00, 0x00, 0x00,
};

static const uint8_t glyph_53D6_small[] = {
    0x00, 0x00, 0x7F, 0xFE, 0x22, 0x42, 0x22, 0x42, 0x3E, 0x42, 0x22, 0x24,
    0x22, 0x24, 0x3E, 0x24, 0x22, 0x38, 0x22, 0x18, 0x2F, 0x98, 0x72, 0x6C,
    0x02, 0xC6, 0x03, 0x83, 0x00, 0x00, 0x00, 0x00,
};

static const uint8_t glyph_53D6_large[] = {
    0x00, 0x00, 0x00, 0xFF, 0xE0, 0x00, 0xFF, 0xFF, 0xFC, 0x30, 0xDF, 0xFC,
    0x30, 0xCC, 0x0C, 0x30, 0xCC, 0x0C, 0x3F, 0xCC, 0x1C, 0x3F, 0xCC, 0x18,
    0x30, 0xC6, 0x18, 0x30, 0xC6, 0x18, 0x30, 0xC6, 0x30, 0x3F, 0xC7, 0x30,
    0x3F, 0xC3, 0x30, 0x30, 0xC3, 0x60, 0x30, 0xC1, 0xE0, 0x30, 0xF1, 0xC0,
    0x3F, 0xF1, 0xC0, 0xFF, 0xC3, 0x60, 0xE0, 0xC6, 0x30, 0x00, 0xCC, 0x1C,
    0x00, 0xF8, 0x0E, 0x00, 0xD0, 0x04, 0x00, 0x00, 0x00, 0x00, 0x00, 0x00,
};

static const uint8_t glyph_53F6_small[] = {
    0x00, 0x20, 0x00, 0x20, 0x7C, 0x20, 0x44, 0x20, 0x44, 0x20, 0x45, 0xFE,
    0x44, 0x20, 0x44, 0x20, 0x44, 0x20, 0x44, 0x20, 0x7C, 0x20, 0x44, 0x20,
    0x40, 0x20, 0x00, 0x20, 0x00, 0x20, 0x00, 0x00,
};

static const uint8_t glyph_53F6_large[] = {
    0x00, 0x00, 0x00, 0x00, 0x00, 0xC0, 0x00, 0x00, 0xC0, 0x00, 0x00, 0xC0,
    0x3F, 0xC0, 0xC0, 0x3F, 0xC0, 0xC0, 0x30, 0xC0, 0xC0, 0x30, 0xC0, 0xC0,
    0x30, 0xC0, 0xC0, 0x30, 0xDF, 0xFF, 0x30, 0xDF, 0xFF, 0x30, 0xC0, 0xC0,
    0x30, 0xC0, 0xC0, 0x30, 0xC0, 0xC0, 0x30, 0xC0, 0xC0, 0x30, 0xC0, 0xC0,
    0x3F, 0xC0, 0xC0, 0x3F, 0xC0, 0xC0, 0x30, 0xC0, 0xC0, 0x30, 0xC0, 0xC0,
    0x00, 0x00, 0xC0, 0x00, 0x00, 0xC0, 0x00, 0x00, 0xC0, 0x00, 0x00, 0x00,
};

static const uint8_t glyph_53F7_small[] = {
    0x00, 0x00, 0x1F, 0xFC, 0x10, 0x04, 0x10, 0x04, 0x1F, 0xFC, 0x10, 0x04,
    0x00, 0x00, 0x7F, 0xFF, 0x08, 0x00, 0x10, 0x00, 0x1F, 0xFC, 0x00, 0x04,
    0x00, 0x04, 0x03, 0xF8, 0x00, 0x00, 0x00, 0x00,
};

static const uint8_t glyph_53F7_large[] = {
    0x00, 0x00, 0x00, 0x0F, 0xFF, 0xF0, 0x0F, 0xFF, 0xF0, 0x0C, 0x00, 0x30,
    0x0C, 0x00, 0x30, 0x0F, 0xFF, 0xF0, 0x0F, 0xFF, 0xF0, 0x0C, 0x00, 0x30,
    0x00, 0x00, 0x00, 0xFF, 0xFF, 0xFE, 0xFF, 0xFF, 0xFE, 0x06, 0x00, 0x00,
    0x0C, 0x00, 0x00, 0x0F, 0xFF, 0xF0, 0x0F, 0xFF, 0xF0, 0x00, 0x00, 0x30,
    0x00, 0x00, 0x30, 0x00, 0x00, 0x30, 0x00, 0x00, 0x60, 0x00, 0x7F, 0xE0,
    0x00, 0x7F, 0xC0, 0x00, 0x00, 0x00, 0x00, 0x00, 0x00, 0x00, 0x00, 0x00,
};

static const uint8_t glyph_540E_small[] = {
    0x00, 0x3E, 0x3F, 0xC0, 0x20, 0x00, 0x20, 0x00, 0x3F, 0xFE, 0x20, 0x00,
    0x20, 0x00, 0x20, 0x00, 0x27, 0xFC, 0x24, 0x04, 0x24, 0x04, 0x44, 0x04,
    0x44, 0x04, 0x47, 0xFC, 0x84, 0x04, 0x00, 0x00,
};

static const uint8_t glyph_540E_large[] = {
    0x00, 0x00, 0x00, 0x00, 0x01, 0xF8, 0x1F, 0xFF, 0xFC, 0x1F, 0xFF, 0x00,
    0x18, 0x00, 0x00, 0x18, 0x00, 0x00, 0x18, 0x00, 0x00, 0x1F, 0xFF, 0xFF,
    0x1F, 0xFF, 0xFF, 0x18, 0x00, 0x00, 0x18, 0x00, 0x00, 0x18, 0x00, 0x00,
    0x19, 0xFF, 0xF8, 0x19, 0xFF, 0xF8, 0x19, 0x80, 0x18, 0x19, 0x80, 0x18,
    0x39, 0x80, 0x18, 0x31, 0x80, 0x18, 0x31, 0x80, 0x18, 0x61, 0x80, 0x18,
    0x61, 0xFF, 0xF8, 0xC1, 0xFF, 0xF8, 0x41, 0x80, 0x18, 0x00, 0x00, 0x00,
};

static const uint8_t glyph_548C_small[] = {
    0x00, 0x00, 0x0E, 0x00, 0xF0, 0x00, 0x10, 0xFE, 0x10, 0x82, 0xFE, 0x82,
    0x10, 0x82, 0x30, 0x82, 0x38, 0x82, 0x7C, 0x82, 0x56, 0x82, 0xD0, 0x82,
    0x90, 0x82, 0x10, 0xFE, 0x10, 0x82, 0x00, 0x00,
};

static const uint8_t glyph_548C_large[] = {
    0x00, 0x00, 0x00, 0x00, 0xE0, 0x00, 0x1F, 0xE0, 0x00, 0xFF, 0x8F, 0xFE,
    0xE6, 0x0F, 0xFE, 0x06, 0x0C, 0x06, 0x06, 0x0C, 0x06, 0x06, 0x0C, 0x06,
    0xFF, 0xEC, 0x06, 0xFF, 0xEC, 0x06, 0x0E, 0x0C, 0x06, 0x0E, 0x0C, 0x06,
    0x17, 0x0C, 0x06, 0x37, 0x8C, 0x06, 0x66, 0xCC, 0x06, 0x66, 0x4C, 0x06,
    0xC6, 0x6C, 0x06, 0x86, 0x0C, 0x06, 0x06, 0x0F, 0xFE, 0x06, 0x0F, 0xFE,
    0x06, 0x0C, 0x06, 0x06, 0x0C, 0x06, 0x00, 0x00, 0x00, 0x00, 0x00, 0x00,
};

static const uint8_t glyph_54CD_small[] = {
    0x00, 0x20, 0x00, 0x40, 0x7B, 0xFE, 0x4A, 0x02, 0x4A, 0x02, 0x4A, 0x7A,
    0x4A, 0x4A, 0x4A, 0x4A, 0x4A, 0x4A, 0x4A, 0x4A, 0x4A, 0x7A, 0x7A, 0x42,
    0x4A, 0x02, 0x02, 0x02, 0x02, 0x0E, 0x00, 0x00,
};

static const uint8_t glyph_54CD_large[] = {
    0x00, 0x03, 0x00, 0x00, 0x06, 0x00, 0x3F, 0x7F, 0xFC, 0x3F, 0x7F, 0xFC,
    0x33, 0x60, 0x0C, 0x33, 0x60, 0x0C, 0x33, 0x60, 0x0C, 0x33, 0x6F, 0xEC,
    0x33, 0x6C, 0x6C, 0x33, 0x6C, 0x6C, 0x33, 0x6C, 0x6C, 0x33, 0x6C, 0x6C,
    0x33, 0x6C, 0x6C, 0x33, 0x6C, 0x6C, 0x33, 0x6C, 0x6C, 0x3F, 0x6F, 0xEC,
    0x3F, 0x6C, 0x0C, 0x33, 0x60, 0x0C, 0x33, 0x60, 0x0C, 0x00, 0x60, 0x0C,
    0x00, 0x60, 0xFC, 0x00, 0x60, 0xF8, 0x00, 0x00, 0x00, 0x00, 0x00, 0x00,
};

static const uint8_t glyph_571F_small[] = {
    0x00, 0x00, 0x01, 0x00, 0x01, 0x00, 0x01, 0x00, 0x01, 0x00, 0x01, 0x00,
    0x7F, 0xFE, 0x01, 0x00, 0x01, 0x00, 0x01, 0x00, 0x01, 0x00, 0x01, 0x00,
    0x01, 0x00, 0x01, 0x00, 0xFF, 0xFF, 0x00, 0x00,
};

static const uint8_t glyph_571F_large[] = {
    0x00, 0x00, 0x00, 0x00, 0x18, 0x00, 0x00, 0x18, 0x00, 0x00, 0x18, 0x00,
    0x00, 0x18, 0x00, 0x00, 0x18, 0x00, 0x00, 0x18, 0x00, 0x00, 0x18, 0x00,
    0x1F, 0xFF, 0xF8, 0x1F, 0xFF, 0xF8, 0x00, 0x18, 0x00, 0x00, 0x18, 0x00,
    0x00, 0x18, 0x00, 0x00, 0x18, 0x00, 0x00, 0x18, 0x00, 0x00, 0x18, 0x00,
    0x00, 0x18, 0x00, 0x00, 0x18, 0x00, 0x00, 0x18, 0x00, 0x00, 0x18, 0x00,
    0x7F, 0xFF, 0xFE, 0x7F, 0xFF, 0xFE, 0x00, 0x00, 0x00, 0x00, 0x00, 0x00,
};

static const uint8_t glyph_5728_small[] = {
    0x02, 0x00, 0x02, 0x00, 0xFF, 0xFF, 0x04, 0x00, 0x08, 0x20, 0x08, 0x20,
    0x10, 0x20, 0x33, 0xFE, 0x30, 0x20, 0x50, 0x20, 0x90, 0x20, 0x10, 0x20,
    0x10, 0x20, 0x17, 0xFF, 0x10, 0x00, 0x00, 0x00,
};

static const uint8_t glyph_5728_large[] = {
    0x00, 0x60, 0x00, 0x00, 0xE0, 0x00, 0x00, 0xC0, 0x00, 0x7F, 0xFF, 0xFE,
    0x7F, 0xFF, 0xFE, 0x01, 0x80, 0x00, 0x03, 0x03, 0x00, 0x03, 0x03, 0x00,
    0x06, 0x03, 0x00, 0x06, 0x03, 0x00, 0x0C, 0x03, 0x00, 0x1C, 0xFF, 0xFC,
    0x3C, 0xFF, 0xFC, 0x3C, 0x03, 0x00, 0x6C, 0x03, 0x00, 0xEC, 0x03, 0x00,
    0x4C, 0x03, 0x00, 0x0C, 0x03, 0x00, 0x0C, 0x03, 0x00, 0x0C, 0x03, 0x00,
    0x0D, 0xFF, 0xFE, 0x0D, 0xFF, 0xFE, 0x0C, 0x00, 0x00, 0x00, 0x00, 0x00,
};

static const uint8_t glyph_5747_small[] = {
    0x10, 0x40, 0x10, 0x80, 0x10, 0xFE, 0x11, 0x02, 0x7D, 0x02, 0x12, 0xC2,
    0x10, 0x62, 0x10, 0x12, 0x10, 0x0E, 0x16, 0x72, 0x3D, 0x82, 0x60, 0x02,
    0x00, 0x02, 0x00, 0x3C, 0x00, 0x00, 0x00, 0x00,
};

static const uint8_t glyph_5747_large[] = {
    0x0C, 0x06, 0x00, 0x0C, 0x06, 0x00, 0x0C, 0x0C, 0x00, 0x0C, 0x0C, 0x00,
    0x0C, 0x1F, 0xFE, 0x0C, 0x1F, 0xFE, 0x7F, 0xB8, 0x0E, 0x7F, 0xB0, 0x0E,
    0x0C, 0x78, 0x0E, 0x0C, 0x2E, 0x0C, 0x0C, 0x07, 0x0C, 0x0C, 0x03, 0x8C,
    0x0C, 0x01, 0x2C, 0x0C, 0x00, 0xEC, 0x0C, 0x07, 0xCC, 0x0C, 0x9F, 0x0C,
    0x0F, 0xBC, 0x0C, 0x3F, 0x10, 0x0C, 0x78, 0x00, 0x0C, 0x60, 0x00, 0x1C,
    0x00, 0x03, 0xFC, 0x00, 0x03, 0xF8, 0x00, 0x00, 0x00, 0x00, 0x00, 0x00,
};

static const uint8_t glyph_5883_small[] = {
    0x00, 0x00, 0x20, 0x60, 0x27, 0xFE, 0x21, 0x08, 0xF8, 0x90, 0x27, 0xFF,
    0x20, 0x00, 0x23, 0xFE, 0x22, 0x02, 0x23, 0xFE, 0x3A, 0x02, 0x63, 0xFE,
    0x80, 0x91, 0x01, 0x91, 0x0E, 0x1E, 0x00, 0x00,
};

static const uint8_t glyph_5883_large[] = {
    0x00, 0x00, 0x00, 0x18, 0x01, 0x00, 0x18, 0x03, 0x80, 0x18, 0x7F, 0xFC,
    0x18, 0x10, 0x40, 0x18, 0x18, 0x60, 0xFF, 0x0C, 0xC0, 0xFF, 0xFF, 0xFF,
    0x18, 0x00, 0x00, 0x18, 0x7F, 0xFC, 0x18, 0x60, 0x0C, 0x18, 0x60, 0x0C,
    0x18, 0x7F, 0xFC, 0x18, 0x60, 0x0C, 0x18, 0x60, 0x0C, 0x1F, 0x7F, 0xFC,
    0x3F, 0x6C, 0xCC, 0xF8, 0x0C, 0xC2, 0xC0, 0x1C, 0xC3, 0x00, 0x38, 0xC3,
    0x00, 0xF0, 0xFE, 0x03, 0xE0, 0x7E, 0x01, 0x00, 0x00, 0x00, 0x00, 0x00,
};

static const uint8_t glyph_58E4_small[] = {
    0x20, 0x60, 0x27, 0xFF, 0x22, 0x52, 0x23, 0xDE, 0xF9, 0x08, 0x23, 0xFE,
    0x21, 0x08, 0x23, 0xFE, 0x21, 0x08, 0x2F, 0xFF, 0x70, 0xA2, 0x87, 0x1C,
    0x1A, 0x28, 0x03, 0xC7, 0x00, 0x00, 0x00, 0x00,
};

static const uint8_t glyph_58E4_large[] = {
    0x18, 0x03, 0x80, 0x19, 0xFF, 0xFF, 0x19, 0xFF, 0xFF, 0x18, 0x00, 0x00,
    0x18, 0xFE, 0xFE, 0xFE, 0xFE, 0xFE, 0xFE, 0xC6, 0xC6, 0x18, 0xFE, 0xFE,
    0x18, 0xFE, 0xFE, 0x18, 0x18, 0x30, 0x19, 0xFF, 0xFF, 0x19, 0xFF, 0xFF,
    0x18, 0x18, 0x30, 0x18, 0xFF, 0xFE, 0x18, 0xFF, 0xFE, 0x1E, 0x18, 0x30,
    0xFF, 0xFF, 0xFF, 0xE1, 0xFF, 0xFF, 0x00, 0x3D, 0x0E, 0x07, 0xF3, 0xF0,
    0x02, 0x3F, 0x3F, 0x00, 0x7C, 0x06, 0x00, 0x00, 0x00, 0x00, 0x00, 0x00,
};

static const uint8_t glyph_590D_small[] = {
    0x00, 0x00, 0x08, 0x00, 0x1F, 0xFF, 0x30, 0x00, 0x3F, 0xFC, 0x50, 0x04,
    0x1F, 0xFC, 0x10, 0x04, 0x1F, 0xFC, 0x0C, 0x00, 0x1F, 0xFC, 0x3C, 0x18,
    0x63, 0xF0, 0x03, 0xF0, 0x3C, 0x0F, 0x00, 0x00,
};

static const uint8_t glyph_590D_large[] = {
    0x00, 0x00, 0x00, 0x07, 0x00, 0x00, 0x06, 0x00, 0x00, 0x0F, 0xFF, 0xFE,
    0x0C, 0x00, 0x00, 0x18, 0x00, 0x00, 0x3F, 0xFF, 0xF8, 0x6C, 0x00, 0x18,
    0xCC, 0x00, 0x18, 0x0F, 0xFF, 0xF8, 0x0C, 0x00, 0x18, 0x0C, 0x00, 0x18,
    0x0F, 0xFF, 0xF8, 0x0C, 0x00, 0x18, 0x03, 0x00, 0x00, 0x07, 0xFF, 0xF8,
    0x0F, 0x00, 0x30, 0x19, 0xC0, 0xE0, 0x70, 0x73, 0x80, 0xC0, 0x1E, 0x00,
    0x03, 0xFF, 0xF0, 0x7F, 0x80, 0xFF, 0x38, 0x00, 0x0E, 0x00, 0x00, 0x00,
};

static const uint8_t glyph_594F_small[] = {
    0x00, 0x80, 0x00, 0x80, 0x7F, 0xFC, 0x01, 0x00, 0x3F, 0xFC, 0x04, 0x00,
    0xFF, 0xFE, 0x0C, 0x20, 0x18, 0x30, 0x6F, 0xE8, 0xC1, 0x06, 0x3F, 0xFC,
    0x03, 0x80, 0x0E, 0x70, 0x70, 0x0C, 0x00, 0x00,
};

static const uint8_t glyph_594F_large[] = {
    0x00, 0x18, 0x00, 0x00, 0x18, 0x00, 0x00, 0x18, 0x00, 0x3F, 0xFF, 0xFC,
    0x3F, 0xFF, 0xFC, 0x00, 0x30, 0x00, 0x1F, 0xFF, 0xF8, 0x1F, 0xFF, 0xF8,
    0x00, 0xC0, 0x00, 0x3F, 0xFF, 0xFE, 0x3F, 0xFF, 0xFE, 0x01, 0x81, 0x80,
    0x03, 0x00, 0xC0, 0x07, 0xFF, 0xE0, 0x09, 0xFF, 0xB8, 0x30, 0x18, 0x1E,
    0x60, 0x18, 0x04, 0x0F, 0xFF, 0xF8, 0x0F, 0xFF, 0xF8, 0x00, 0x38, 0x00,
    0x01, 0xFF, 0xE0, 0x1F, 0xC1, 0xF8, 0x0E, 0x00, 0x30, 0x00, 0x00, 0x00,
};

static const uint8_t glyph_597D_small[] = {
    0x20, 0x00, 0x21, 0xFE, 0x20, 0x06, 0xFC, 0x0C, 0x44, 0x18, 0x44, 0x30,
    0x44, 0x20, 0x4B, 0xFF, 0x48, 0x20, 0x28, 0x20, 0x10, 0x20, 0x18, 0x20,
    0x24, 0x20, 0x40, 0x20, 0x81, 0xE0, 0x00, 0x00,
};

static const uint8_t glyph_597D_large[] = {
    0x00, 0x00, 0x00, 0x18, 0x00, 0x00, 0x18, 0x3F, 0xFE, 0x18, 0x3F, 0xFE,
    0x30, 0x00, 0x0E, 0xFF, 0x80, 0x38, 0xFF, 0x80, 0x70, 0x31, 0x80, 0xE0,
    0x31, 0x80, 0xC0, 0x31, 0x80, 0xC0, 0x61, 0x80, 0xC0, 0x63, 0x7F, 0xFF,
    0x63, 0x7F, 0xFF, 0x63, 0x00, 0xC0, 0x63, 0x00, 0xC0, 0x36, 0x00, 0xC0,
    0x1E, 0x00, 0xC0, 0x0E, 0x00, 0xC0, 0x1F, 0x00, 0xC0, 0x39, 0x80, 0xC0,
    0x70, 0xC0, 0xC0, 0xE0, 0x1F, 0xC0, 0x40, 0x1F, 0x80, 0x00, 0x00, 0x00,
};

static const uint8_t glyph_5B9E_small[] = {
    0x01, 0x00, 0x01, 0x80, 0x7F, 0xFE, 0x40, 0x02, 0x50, 0x82, 0x0C, 0x80,
    0x02, 0x80, 0x20, 0x80, 0x18, 0x80, 0x04, 0x80, 0x7F, 0xFE, 0x01, 0x80,
    0x03, 0xE0, 0x1C, 0x18, 0xE0, 0x06, 0x00, 0x00,
};

static const uint8_t glyph_5B9E_large[] = {
    0x00, 0x10, 0x00, 0x00, 0x38, 0x00, 0x00, 0x1C, 0x00, 0x7F, 0xFF, 0xFE,
    0x7F, 0xFF, 0xFE, 0x60, 0x00, 0x06, 0x66, 0x06, 0x06, 0x03, 0x86, 0x00,
    0x00, 0xE6, 0x00, 0x08, 0x46, 0x00, 0x1E, 0x06, 0x00, 0x07, 0x86, 0x00,
    0x01, 0x0C, 0x00, 0x00, 0x0C, 0x00, 0x7F, 0xFF, 0xFF, 0x7F, 0xFF, 0xFF,
    0x00, 0x18, 0x00, 0x00, 0x3E, 0x00, 0x00, 0xE7, 0x80, 0x03, 0xC1, 0xF0,
    0x1F, 0x00, 0x7C, 0xFC, 0x00, 0x0F, 0x60, 0x00, 0x02, 0x00, 0x00, 0x00,
};

static const uint8_t glyph_5BDF_small[] = {
    0x01, 0x00, 0x00, 0x80, 0x7F, 0xFE, 0x40, 0x02, 0x48, 0x82, 0x1F, 0xFC,
    0x23, 0x4C, 0x5E, 0x30, 0xAF, 0xF0, 0x10, 0x08, 0xFF, 0xFE, 0x00, 0x80,
    0x0C, 0xB0, 0x18, 0x8C, 0x63, 0x86, 0x00, 0x00,
};

static const uint8_t glyph_5BDF_large[] = {
    0x00, 0x10, 0x00, 0x00, 0x38, 0x00, 0x00, 0x18, 0x00, 0x7F, 0xFF, 0xFE,
    0x7F, 0xFF, 0xFE, 0x60, 0x00, 0x06, 0x02, 0x0C, 0x00, 0x07, 0xFF, 0xFC,
    0x0F, 0xF7, 0xFC, 0x18, 0x37, 0x1C, 0x37, 0xE3, 0x30, 0x61, 0xC1, 0xE0,
    0xDF, 0x80, 0xE0, 0x0F, 0xFF, 0x70, 0x1C, 0xFF, 0x3C, 0x70, 0x00, 0x0F,
    0xC7, 0xFF, 0xF2, 0x07, 0xFF, 0xF0, 0x03, 0x19, 0x80, 0x0E, 0x18, 0xE0,
    0x1C, 0x18, 0x38, 0x71, 0xF8, 0x0E, 0x21, 0xF0, 0x04, 0x00, 0x00, 0x00,
};

static const uint8_t glyph_5C31_small[] = {
    0x10, 0x20, 0x08, 0x2C, 0xFF, 0x26, 0x00, 0x20, 0x7E, 0xFF, 0x42, 0x28,
    0x42, 0x28, 0x7E, 0x28, 0x08, 0x28, 0x2C, 0x48, 0x4A, 0x49, 0x49, 0x49,
    0x88, 0x89, 0x78, 0x8E, 0x01, 0x00, 0x00, 0x00,
};

static const uint8_t glyph_5C31_large[] = {
    0x00, 0x00, 0x00, 0x03, 0x03, 0x00, 0x07, 0x83, 0x60, 0x01, 0x83, 0x38,
    0xFF, 0xF3, 0x0C, 0xFF, 0xF3, 0x00, 0x00, 0x03, 0x00, 0x3F, 0xEF, 0xFE,
    0x3F, 0xEF, 0xFE, 0x30, 0x63, 0x60, 0x30, 0x63, 0x60, 0x30, 0x63, 0x60,
    0x3F, 0xE3, 0x60, 0x3F, 0xE6, 0x60, 0x33, 0x66, 0x60, 0x03, 0x06, 0x62,
    0x33, 0xC6, 0x63, 0x73, 0x6C, 0x63, 0xE3, 0x3C, 0x63, 0x43, 0x18, 0x67,
    0x1F, 0x30, 0x7E, 0x1E, 0x30, 0x3C, 0x00, 0x60, 0x00, 0x00, 0x00, 0x00,
};

static const uint8_t glyph_5C4F_small[] = {
    0x00, 0x00, 0x3F, 0xFE, 0x20, 0x02, 0x20, 0x02, 0x3F, 0xFE, 0x26, 0x18,
    0x23, 0x30, 0x2F, 0xFE, 0x22, 0x10, 0x22, 0x10, 0x3F, 0xFF, 0x62, 0x10,
    0x46, 0x10, 0x8C, 0x10, 0x00, 0x00, 0x00, 0x00,
};

static const uint8_t glyph_5C4F_large[] = {
    0x00, 0x00, 0x00, 0x1F, 0xFF, 0xFE, 0x1F, 0xFF, 0xFE, 0x18, 0x00, 0x06,
    0x18, 0x00, 0x06, 0x1F, 0xFF, 0xFE, 0x1F, 0xFF, 0xFE, 0x18, 0x60, 0x66,
    0x18, 0x30, 0x70, 0x18, 0x18, 0xC0, 0x1B, 0xFF, 0xFE, 0x1B, 0xFF, 0xFE,
    0x18, 0x30, 0x60, 0x18, 0x30, 0x60, 0x1F, 0xFF, 0xFF, 0x3F, 0xFF, 0xFF,
    0x30, 0x30, 0x60, 0x30, 0x30, 0x60, 0x70, 0x60, 0x60, 0x60, 0x60, 0x60,
    0xC0, 0xC0, 0x60, 0x41, 0x80, 0x60, 0x00, 0x00, 0x00, 0x00, 0x00, 0x00,
};

static const uint8_t glyph_5DF2_small[] = {
    0x00, 0x00, 0x7F, 0xFC, 0x00, 0x04, 0x00, 0x04, 0x20, 0x04, 0x20, 0x04,
    0x3F, 0xFC, 0x20, 0x04, 0x20, 0x00, 0x20, 0x01, 0x20, 0x01, 0x20, 0x01,
    0x20, 0x02, 0x1F, 0xFE, 0x00, 0x00, 0x00, 0x00,
};

static const uint8_t glyph_5DF2_large[] = {
    0x00, 0x00, 0x00, 0x00, 0x00, 0x00, 0x3F, 0xFF, 0xF0, 0x3F, 0xFF, 0xF0,
    0x00, 0x00, 0x30, 0x00, 0x00, 0x30, 0x00, 0x00, 0x30, 0x18, 0x00, 0x30,
    0x18, 0x00, 0x30, 0x18, 0x00, 0x30, 0x1F, 0xFF, 0xF0, 0x1F, 0xFF, 0xF0,
    0x18, 0x00, 0x30, 0x18, 0x00, 0x00, 0x18, 0x00, 0x00, 0x18, 0x00, 0x04,
    0x18, 0x00, 0x06, 0x18, 0x00, 0x06, 0x18, 0x00, 0x0E, 0x18, 0x00, 0x0C,
    0x1F, 0xFF, 0xFC, 0x0F, 0xFF, 0xF8, 0x00, 0x00, 0x00, 0x00, 0x00, 0x00,
};

static const uint8_t glyph_5E55_small[] = {
    0x04, 0x20, 0xFF, 0xFE, 0x04, 0x20, 0x3F, 0xF8, 0x20, 0x08, 0x3F, 0xF8,
    0x20, 0x08, 0x3F, 0xF8, 0x02, 0x00, 0x7F, 0xFC, 0x31, 0x20, 0xFF, 0xF8,
    0x11, 0x16, 0x11, 0x70, 0x01, 0x00, 0x00, 0x00,
};

static const uint8_t glyph_5E55_large[] = {
    0x00, 0x00, 0x00, 0x00, 0xC1, 0x80, 0x00, 0xC1, 0x80, 0x3F, 0xFF, 0xFF,
    0x00, 0xC1, 0x80, 0x00, 0x00, 0x00, 0x0F, 0xFF, 0xF8, 0x0C, 0x00, 0x18,
    0x0F, 0xFF, 0xF8, 0x0C, 0x00, 0x18, 0x0C, 0x00, 0x18, 0x0F, 0xFF, 0xF8,
    0x0C, 0x60, 0x18, 0x00, 0x60, 0x00, 0x3F, 0xFF, 0xFE, 0x03, 0x18, 0xC0,
    0x06, 0x18, 0x30, 0x1F, 0xFF, 0xFC, 0x66, 0x18, 0x33, 0x06, 0x18, 0x30,
    0x06, 0x18, 0x30, 0x06, 0x19, 0xE0, 0x00, 0x18, 0x00, 0x00, 0x00, 0x00,
};

static const uint8_t glyph_5E72_small[] = {
    0x00, 0x00, 0x7F, 0xFE, 0x01, 0x00, 0x01, 0x00, 0x01, 0x00, 0x01, 0x00,
    0x01, 0x00, 0xFF, 0xFF, 0x01, 0x00, 0x01, 0x00, 0x01, 0x00, 0x01, 0x00,
    0x01, 0x00, 0x01, 0x00, 0x01, 0x00, 0x00, 0x00,
};

static const uint8_t glyph_5E72_large[] = {
    0x00, 0x00, 0x00, 0x3F, 0xFF, 0xFC, 0x3F, 0xFF, 0xFC, 0x00, 0x18, 0x00,
    0x00, 0x18, 0x00, 0x00, 0x18, 0x00, 0x00, 0x18, 0x00, 0x00, 0x18, 0x00,
    0x00, 0x18, 0x00, 0xFF, 0xFF, 0xFF, 0xFF, 0xFF, 0xFF, 0x00, 0x18, 0x00,
    0x00, 0x18, 0x00, 0x00, 0x18, 0x00, 0x00, 0x18, 0x00, 0x00, 0x18, 0x00,
    0x00, 0x18, 0x00, 0x00, 0x18, 0x00, 0x00, 0x18, 0x00, 0x00, 0x18, 0x00,
    0x00, 0x18, 0x00, 0x00, 0x18, 0x00, 0x00, 0x00, 0x00, 0x00, 0x00, 0x00,
};

static const uint8_t glyph_5E94_small[] = {
    0x01, 0x00, 0x01, 0x80, 0x3F, 0xFE, 0x20, 0x00, 0x20, 0x84, 0x28, 0x84,
    0x2C, 0x88, 0x24, 0x48, 0x24, 0x48, 0x24, 0x50, 0x22, 0x50, 0x42, 0x20,
    0x40, 0x20, 0x5F, 0xFE, 0x80, 0x00, 0x00, 0x00,
};

static const uint8_t glyph_5E94_large[] = {
    0x00, 0x08, 0x00, 0x00, 0x1C, 0x00, 0x00, 0x0E, 0x00, 0x1F, 0xFF, 0xFF,
    0x1F, 0xFF, 0xFF, 0x18, 0x00, 0x00, 0x18, 0x00, 0x00, 0x18, 0x0C, 0x0C,
    0x1B, 0x0C, 0x0C, 0x1B, 0x8E, 0x18, 0x19, 0x86, 0x18, 0x19, 0x86, 0x18,
    0x19, 0xC6, 0x30, 0x18, 0xC6, 0x30, 0x18, 0xC3, 0x30, 0x18, 0xC3, 0x60,
    0x30, 0x63, 0x60, 0x30, 0x60, 0x60, 0x30, 0x00, 0xC0, 0x60, 0x00, 0xC0,
    0x67, 0xFF, 0xFF, 0xC7, 0xFF, 0xFF, 0x40, 0x00, 0x00, 0x00, 0x00, 0x00,
};

static const uint8_t glyph_5EA6_small[] = {
    0x00, 0x00, 0x00, 0x80, 0x00, 0x40, 0x3F, 0xFF, 0x20, 0x00, 0x22, 0x08,
    0x3F, 0xFF, 0x22, 0x08, 0x23, 0xF8, 0x20, 0x00, 0x2F, 0xFC, 0x24, 0x18,
    0x43, 0xE0, 0x43, 0xF0, 0x9C, 0x0F, 0x00, 0x00,
};

static const uint8_t glyph_5EA6_large[] = {
    0x00, 0x04, 0x00, 0x00, 0x0E, 0x00, 0x00, 0x03, 0x00, 0x1F, 0xFF, 0xFF,
    0x1F, 0xFF, 0xFF, 0x18, 0x00, 0x00, 0x18, 0x60, 0x60, 0x1B, 0xFF, 0xFF,
    0x1B, 0xFF, 0xFF, 0x18, 0x60, 0x60, 0x18, 0x7F, 0xE0, 0x18, 0x7F, 0xE0,
    0x18, 0x60, 0x60, 0x18, 0x00, 0x00, 0x1B, 0xFF, 0xF8, 0x1B, 0xFF, 0xF8,
    0x38, 0xC0, 0x30, 0x30, 0x70, 0xE0, 0x30, 0x3B, 0xC0, 0x70, 0x0F, 0x00,
    0x60, 0x7F, 0xE0, 0xEF, 0xE0, 0xFF, 0x47, 0x00, 0x0E, 0x00, 0x00, 0x00,
};

static const uint8_t glyph_5EB7_small[] = {
    0x01, 0x00, 0x00, 0xC0, 0x3F, 0xFF, 0x20, 0x80, 0x2F, 0xFC, 0x20, 0x84,
    0x3F, 0xFF, 0x20, 0x84, 0x2F, 0xFC, 0x28, 0x84, 0x24, 0xFE, 0x61, 0xB0,
    0x4E, 0x98, 0x50, 0x86, 0x87, 0x83, 0x00, 0x00,
};

static const uint8_t glyph_5EB7_large[] = {
    0x00, 0x08, 0x00, 0x00, 0x0E, 0x00, 0x1F, 0xFF, 0xFF, 0x1F, 0xFF, 0xFF,
    0x18, 0x00, 0x00, 0x18, 0x0C, 0x00, 0x1B, 0xFF, 0xF8, 0x1B, 0xFF, 0xF8,
    0x18, 0x0C, 0x18, 0x1F, 0xFF, 0xFF, 0x1F, 0xFF, 0xFF, 0x18, 0x0C, 0x18,
    0x1B, 0xFF, 0xF8, 0x1B, 0xFF, 0xF8, 0x1B, 0x0C, 0x18, 0x19, 0x8E, 0x1C,
    0x18, 0xCF, 0x70, 0x30, 0x3D, 0xE0, 0x33, 0xFC, 0xE0, 0x3F, 0xCC, 0x3C,
    0x7C, 0x0C, 0x0F, 0x60, 0x7C, 0x02, 0x20, 0x78, 0x00, 0x00, 0x00, 0x00,
};

static const uint8_t glyph_5F3A_small[] = {
    0x00, 0x00, 0x79, 0xFE, 0x09, 0x02, 0x09, 0x02, 0x09, 0xFE, 0x79, 0x22,
    0x48, 0x20, 0x43, 0xFE, 0x7A, 0x22, 0x0A, 0x22, 0x0B, 0xFE, 0x0A, 0x20,
    0x08, 0x22, 0x08, 0x7F, 0x77, 0x81, 0x00, 0x00,
};

static const uint8_t glyph_5F3A_large[] = {
    0x00, 0x00, 0x00, 0x7F, 0x3F, 0xFC, 0x7F, 0x3F, 0xFC, 0x03, 0x30, 0x0C,
    0x03, 0x30, 0x0C, 0x03, 0x30, 0x0C, 0x03, 0x3F, 0xFC, 0x3F, 0x3F, 0xFC,
    0x3F, 0x31, 0x8C, 0x33, 0x01, 0x80, 0x60, 0x7F, 0xFE, 0x60, 0x7F, 0xFE,
    0x7E, 0x61, 0x86, 0x7E, 0x61, 0x86, 0x06, 0x7F, 0xFE, 0x06, 0x7F, 0xFE,
    0x06, 0x61, 0x80, 0x06, 0x01, 0x84, 0x06, 0x01, 0x8E, 0x06, 0xFF, 0xFE,
    0x7E, 0xFF, 0xE3, 0x7C, 0x00, 0x02, 0x00, 0x00, 0x00, 0x00, 0x00, 0x00,
};

static const uint8_t glyph_5F53_small[] = {
    0x01, 0x00, 0x21, 0x04, 0x11, 0x08, 0x09, 0x10, 0x05, 0x20, 0x01, 0x00,
    0x7F, 0xFC, 0x00, 0x04, 0x00, 0x04, 0x3F, 0xFC, 0x00, 0x04, 0x00, 0x04,
    0x00, 0x04, 0x7F, 0xFC, 0x00, 0x04, 0x00, 0x00,
};

static const uint8_t glyph_5F53_large[] = {
    0x00, 0x00, 0x00, 0x00, 0x18, 0x00, 0x10, 0x18, 0x10, 0x18, 0x18, 0x38,
    0x0C, 0x18, 0x70, 0x06, 0x18, 0xE0, 0x07, 0x19, 0xC0, 0x02, 0x19, 0x00,
    0x00, 0x18, 0x00, 0x1F, 0xFF, 0xF8, 0x1F, 0xFF, 0xF8, 0x00, 0x00, 0x18,
    0x00, 0x00, 0x18, 0x00, 0x00, 0x18, 0x1F, 0xFF, 0xF8, 0x1F, 0xFF, 0xF8,
    0x00, 0x00, 0x18, 0x00, 0x00, 0x18, 0x00, 0x00, 0x18, 0x00, 0x00, 0x18,
    0x3F, 0xFF, 0xF8, 0x3F, 0xFF, 0xF8, 0x00, 0x00, 0x18, 0x00, 0x00, 0x00,
};

static const uint8_t glyph_6001_small[] = {
    0x00, 0x00, 0x01, 0x00, 0x01, 0x00, 0xFF, 0xFE, 0x03, 0x80, 0x02, 0x40,
    0x0E, 0x30, 0x33, 0x1C, 0xC0, 0x83, 0x00, 0x00, 0x22, 0x00, 0x49, 0x04,
    0x48, 0x92, 0x88, 0x11, 0x0F, 0xE0, 0x00, 0x00,
};

static const uint8_t glyph_6001_large[] = {
    0x00, 0x00, 0x00, 0x00, 0x18, 0x00, 0x00, 0x18, 0x00, 0x00, 0x18, 0x00,
    0x7F, 0xFF, 0xFE, 0x7F, 0xFF, 0xFE, 0x00, 0x38, 0x00, 0x00, 0x34, 0x00,
    0x00, 0x63, 0x00, 0x01, 0xC1, 0xC0, 0x07, 0xE0, 0x78, 0x1E, 0x30, 0x3F,
    0x7C, 0x18, 0x06, 0x20, 0x00, 0x00, 0x00, 0x30, 0x10, 0x19, 0x98, 0x18,
    0x19, 0x8E, 0x4C, 0x31, 0x82, 0x66, 0x31, 0x80, 0x67, 0x71, 0x80, 0xE2,
    0x21, 0xFF, 0xC0, 0x00, 0xFF, 0x80, 0x00, 0x00, 0x00, 0x00, 0x00, 0x00,
};

static const uint8_t glyph_610F_small[] = {
    0x00, 0x00, 0x01, 0x80, 0x7F, 0xFE, 0x0C, 0x18, 0xFF, 0xFF, 0x00, 0x00,
    0x3F, 0xFC, 0x20, 0x04, 0x3F, 0xFC, 0x20, 0x04, 0x3F, 0xFC, 0x01, 0x00,
    0x48, 0x86, 0xC8, 0x13, 0x8F, 0xE0, 0x00, 0x00,
};

static const uint8_t glyph_610F_large[] = {
    0x00, 0x00, 0x00, 0x00, 0x18, 0x00, 0x00, 0x1C, 0x00, 0x00, 0x0C, 0x00,
    0x1F, 0xFF, 0xFC, 0x03, 0x00, 0x60, 0x01, 0x80, 0x60, 0x01, 0xC0, 0xC0,
    0x7F, 0xFF, 0xFF, 0x00, 0x00, 0x00, 0x0F, 0xFF, 0xF8, 0x0C, 0x00, 0x18,
    0x0C, 0x00, 0x18, 0x0F, 0xFF, 0xF8, 0x0C, 0x00, 0x18, 0x0C, 0x00, 0x18,
    0x0F, 0xFF, 0xF8, 0x0C, 0x30, 0x18, 0x19, 0xB8, 0x18, 0x39, 0x8E, 0x6C,
    0x31, 0x82, 0x67, 0x61, 0x80, 0xC2, 0x00, 0xFF, 0xC0, 0x00, 0x00, 0x00,
};

static const uint8_t glyph_62A4_small[] = {
    0x10, 0x20, 0x10, 0x10, 0x11, 0xFE, 0x7D, 0x02, 0x11, 0x02, 0x11, 0x02,
    0x1D, 0x02, 0x31, 0xFE, 0x51, 0x02, 0x11, 0x00, 0x13, 0x00, 0x12, 0x00,
    0x16, 0x00, 0x74, 0x00, 0x00, 0x00, 0x00, 0x00,
};

static const uint8_t glyph_62A4_large[] = {
    0x00, 0x00, 0x00, 0x0C, 0x01, 0x00, 0x0C, 0x03, 0x80, 0x0C, 0x01, 0xC0,
    0x0C, 0x00, 0x80, 0x0C, 0x3F, 0xFE, 0x7F, 0xBF, 0xFE, 0x7F, 0xB0, 0x06,
    0x0C, 0x30, 0x06, 0x0C, 0x30, 0x06, 0x0C, 0x30, 0x06, 0x0F, 0xB0, 0x06,
    0x1F, 0xBF, 0xFE, 0x7C, 0x3F, 0xFE, 0x6C, 0x30, 0x06, 0x0C, 0x30, 0x00,
    0x0C, 0x70, 0x00, 0x0C, 0x60, 0x00, 0x0C, 0xE0, 0x00, 0x0C, 0xC0, 0x00,
    0x7D, 0xC0, 0x00, 0x78, 0x80, 0x00, 0x00, 0x00, 0x00, 0x00, 0x00, 0x00,
};

static const uint8_t glyph_6301_small[] = {
    0x20, 0x20, 0x20, 0x20, 0x23, 0xFC, 0xF8, 0x20, 0x20, 0x20, 0x27, 0xFE,
    0x20, 0x00, 0x38, 0x08, 0xE0, 0x08, 0x27, 0xFE, 0x20, 0x08, 0x23, 0x08,
    0x21, 0x88, 0x20, 0x08, 0xE0, 0x78, 0x00, 0x00,
};

static const uint8_t glyph_6301_large[] = {
    0x0C, 0x01, 0x80, 0x0C, 0x01, 0x80, 0x0C, 0x01, 0x80, 0x0C, 0x3F, 0xFE,
    0x7F, 0xBF, 0xFE, 0x7F, 0x81, 0x80, 0x0C, 0x01, 0x80, 0x0C, 0x01, 0x80,
    0x0C, 0x7F, 0xFF, 0x0C, 0x7F, 0xFF, 0x0D, 0x00, 0x00, 0x0F, 0x80, 0x30,
    0x3F, 0x00, 0x30, 0x7C, 0x7F, 0xFF, 0x4C, 0x7F, 0xFF, 0x0C, 0x00, 0x30,
    0x0C, 0x20, 0x30, 0x0C, 0x38, 0x30, 0x0C, 0x1C, 0x30, 0x0C, 0x08, 0x30,
    0x0C, 0x00, 0x30, 0x7C, 0x03, 0xF0, 0x78, 0x03, 0xE0, 0x00, 0x00, 0x00,
};

static const uint8_t glyph_6392_small[] = {
    0x20, 0x90, 0x20, 0x90, 0x20, 0x90, 0xFF, 0x9F, 0x20, 0x90, 0x20, 0x90,
    0x28, 0x90, 0x37, 0x9E, 0x60, 0x90, 0xA0, 0x90, 0x20, 0x90, 0x2F, 0x9F,
    0x20, 0x90, 0x20, 0x90, 0xE0, 0x90, 0x00, 0x00,
};

static const uint8_t glyph_6392_large[] = {
    0x18, 0x18, 0xC0, 0x18, 0x18, 0xC0, 0x18, 0x18, 0xC0, 0x18, 0x18, 0xC0,
    0xFE, 0xF8, 0xFE, 0xFE, 0xF8, 0xFE, 0x18, 0x18, 0xC0, 0x18, 0x18, 0xC0,
    0x18, 0x18, 0xC0, 0x1A, 0x18, 0xC0, 0x1E, 0xF8, 0xFC, 0x1C, 0xF8, 0xFC,
    0x78, 0x18, 0xC0, 0xF8, 0x18, 0xC0, 0x98, 0x18, 0xC0, 0x18, 0x18, 0xC0,
    0x19, 0xF8, 0xFE, 0x19, 0xF8, 0xFE, 0x18, 0x18, 0xC0, 0x18, 0x18, 0xC0,
    0x18, 0x18, 0xC0, 0xF8, 0x18, 0xC0, 0xF0, 0x18, 0xC0, 0x00, 0x00, 0x00,
};

static const uint8_t glyph_63D0_small[] = {
    0x20, 0x00, 0x23, 0xFC, 0x22, 0x04, 0xFB, 0xFC, 0x22, 0x04, 0x23, 0xFC,
    0x2A, 0x04, 0x30, 0x00, 0x67, 0xFF, 0xA0, 0x20, 0x22, 0x20, 0x22, 0x3E,
    0x27, 0x20, 0x25, 0xA0, 0xE8, 0x7F, 0x00, 0x00,
};

static const uint8_t glyph_63D0_large[] = {
    0x18, 0x00, 0x00, 0x18, 0x3F, 0xFC, 0x18, 0x3F, 0xFC, 0x18, 0x30, 0x0C,
    0xFF, 0x3F, 0xFC, 0xFF, 0x3F, 0xFC, 0x18, 0x30, 0x0C, 0x18, 0x3F, 0xFC,
    0x19, 0x3F, 0xFC, 0x1F, 0x30, 0x0C, 0x1E, 0x00, 0x00, 0x78, 0xFF, 0xFF,
    0xF8, 0xFF, 0xFF, 0x98, 0x01, 0x80, 0x18, 0x31, 0x80, 0x18, 0x31, 0xFE,
    0x18, 0x61, 0xFE, 0x18, 0x71, 0x80, 0x18, 0xF9, 0x80, 0x18, 0xCF, 0x80,
    0xF9, 0x87, 0xFF, 0xF3, 0x01, 0xFF, 0x00, 0x00, 0x00, 0x00, 0x00, 0x00,
};

static const uint8_t glyph_6444_small[] = {
    0x20, 0x00, 0x2F, 0xFE, 0x22, 0x04, 0xFB, 0xFC, 0x22, 0x04, 0x23, 0xFC,
    0x3A, 0x04, 0x7F, 0xFE, 0xA0, 0x04, 0x2F, 0xFE, 0x20, 0xA2, 0x2D, 0x34,
    0x23, 0x1C, 0x27, 0x9C, 0xF8, 0x63, 0x00, 0x00,
};

static const uint8_t glyph_6444_large[] = {
    0x30, 0x00, 0x00, 0x33, 0xFF, 0xFC, 0x30, 0xC0, 0x30, 0x30, 0xC0, 0x30,
    0xFC, 0xFF, 0xF0, 0xFC, 0xC0, 0x30, 0x30, 0xC0, 0x30, 0x30, 0xFF, 0xF0,
    0x34, 0xC0, 0x30, 0x3C, 0xC1, 0xFE, 0xFB, 0xFA, 0x30, 0xF0, 0x00, 0x30,
    0xB0, 0x00, 0x00, 0x33, 0xFF, 0xFC, 0x30, 0x1B, 0x0C, 0x32, 0x1B, 0x18,
    0x31, 0x31, 0x98, 0x30, 0xB1, 0xF0, 0x30, 0xE0, 0xE0, 0x31, 0xF1, 0xF8,
    0xF7, 0x9F, 0x9E, 0xE2, 0x02, 0x04, 0x00, 0x00, 0x00, 0x00, 0x00, 0x00,
};

static const uint8_t glyph_6478_small[] = {
    0x42, 0x20, 0x4F, 0xFC, 0x42, 0x20, 0xF0, 0x00, 0x47, 0xF8, 0x44, 0x08,
    0x47, 0xF8, 0x74, 0x08, 0xC7, 0xF8, 0x44, 0x88, 0x40, 0x80, 0x5F, 0xFC,
    0x41, 0x80, 0x46, 0x60, 0xD8, 0x1C, 0x00, 0x00,
};

static const uint8_t glyph_6478_large[] = {
    0x30, 0x30, 0xC0, 0x30, 0x30, 0xC0, 0x31, 0xFF, 0xFE, 0x31, 0xFF, 0xFE,
    0xFE, 0x30, 0xC0, 0xFE, 0x00, 0x00, 0x30, 0xFF, 0xF8, 0x30, 0xFF, 0xF8,
    0x30, 0xC0, 0x18, 0x30, 0xFF, 0xF8, 0x3E, 0xFF, 0xF8, 0x7E, 0xC0, 0x18,
    0xF0, 0xFF, 0xF8, 0xB0, 0xFF, 0xF8, 0x30, 0xC6, 0x18, 0x30, 0x06, 0x00,
    0x33, 0xFF, 0xFE, 0x33, 0xFF, 0xFE, 0x30, 0x0F, 0x00, 0x30, 0x19, 0x80,
    0x30, 0xF0, 0xF0, 0xF7, 0xE0, 0x3E, 0xE3, 0x00, 0x0C, 0x00, 0x00, 0x00,
};

static const uint8_t glyph_6536_small[] = {
    0x00, 0x00, 0x08, 0x80, 0x09, 0x80, 0x49, 0x00, 0x49, 0xFE, 0x4B, 0x08,
    0x4F, 0x08, 0x4D, 0x08, 0x49, 0x90, 0x48, 0x90, 0x58, 0xF0, 0x68, 0x60,
    0x48, 0xE0, 0x09, 0x98, 0x0E, 0x06, 0x00, 0x00,
};

static const uint8_t glyph_6536_large[] = {
    0x00, 0x00, 0x00, 0x01, 0x86, 0x00, 0x01, 0x86, 0x00, 0x01, 0x8C, 0x00,
    0x01, 0x8C, 0x00, 0x31, 0x8C, 0x00, 0x31, 0x9F, 0xFF, 0x31, 0x9F, 0xFF,
    0x31, 0xB8, 0x18, 0x31, 0xB8, 0x18, 0x31, 0xF8, 0x18, 0x31, 0xEC, 0x18,
    0x31, 0xCC, 0x30, 0x31, 0x8C, 0x30, 0x31, 0x86, 0x70, 0x33, 0x86, 0x60,
    0x37, 0x83, 0xE0, 0x3D, 0x83, 0xC0, 0x71, 0x83, 0xC0, 0x21, 0x87, 0xF0,
    0x01, 0x9E, 0x3C, 0x01, 0xF8, 0x1F, 0x01, 0xA0, 0x06, 0x00, 0x00, 0x00,
};

static const uint8_t glyph_6587_small[] = {
    0x01, 0x00, 0x00, 0x80, 0x00, 0x80, 0xFF, 0xFF, 0x10, 0x08, 0x10, 0x08,
    0x08, 0x10, 0x08, 0x10, 0x04, 0x20, 0x06, 0x40, 0x03, 0x80, 0x03, 0x80,
    0x06, 0x60, 0x38, 0x1C, 0xC0, 0x07, 0x00, 0x00,
};

static const uint8_t glyph_6587_large[] = {
    0x00, 0x10, 0x00, 0x00, 0x38, 0x00, 0x00, 0x1C, 0x00, 0x00, 0x0C, 0x00,
    0xFF, 0xFF, 0xFF, 0xFF, 0xFF, 0xFF, 0x06, 0x00, 0x60, 0x06, 0x00, 0x60,
    0x06, 0x00, 0x60, 0x03, 0x00, 0xC0, 0x03, 0x00, 0xC0, 0x01, 0x81, 0x80,
    0x01, 0x81, 0x80, 0x00, 0xC3, 0x00, 0x00, 0x67, 0x00, 0x00, 0x7E, 0x00,
    0x00, 0x3C, 0x00, 0x00, 0x7E, 0x00, 0x00, 0xE7, 0x00, 0x07, 0xC3, 0xE0,
    0x3F, 0x00, 0xFC, 0xFC, 0x00, 0x3F, 0x60, 0x00, 0x06, 0x00, 0x00, 0x00,
};

static const uint8_t glyph_65AF_small[] = {
    0x00, 0x00, 0x42, 0x0E, 0x42, 0x78, 0xFF, 0x40, 0x42, 0x40, 0x7E, 0x40,
    0x42, 0x7F, 0x42, 0x44, 0x7E, 0x44, 0x42, 0x44, 0x42, 0x44, 0xFF, 0x84,
    0x24, 0x84, 0x43, 0x84, 0x81, 0x04, 0x00, 0x00,
};

static const uint8_t glyph_65AF_large[] = {
    0x00, 0x00, 0x00, 0x30, 0x60, 0x00, 0x30, 0x60, 0x02, 0x30, 0x60, 0x7F,
    0xFF, 0xFB, 0xFE, 0xFF, 0xFB, 0xC0, 0x30, 0x63, 0x00, 0x30, 0x63, 0x00,
    0x3F, 0xE3, 0x00, 0x3F, 0xE3, 0x00, 0x30, 0x63, 0xFF, 0x30, 0x63, 0xFF,
    0x3F, 0xE3, 0x18, 0x3F, 0xE3, 0x18, 0x30, 0x63, 0x18, 0x30, 0x63, 0x18,
    0xFF, 0xFF, 0x18, 0xFF, 0xFE, 0x18, 0x09, 0x06, 0x18, 0x19, 0xCE, 0x18,
    0x30, 0x6C, 0x18, 0xE0, 0x3C, 0x18, 0x80, 0x08, 0x18, 0x00, 0x00, 0x00,
};

static const uint8_t glyph_65F6_small[] = {
    0x00, 0x00, 0x00, 0x08, 0x7C, 0x08, 0x44, 0x08, 0x47, 0xFE, 0x44, 0x08,
    0x7D, 0x08, 0x44, 0x88, 0x44, 0x88, 0x44, 0x48, 0x44, 0x48, 0x44, 0x08,
    0x7C, 0x08, 0x44, 0x08, 0x00, 0xF0, 0x00, 0x00,
};

static const uint8_t glyph_65F6_large[] = {
    0x00, 0x00, 0x00, 0x00, 0x00, 0x30, 0x00, 0x00, 0x30, 0x7F, 0x80, 0x30,
    0x7F, 0x80, 0x30, 0x61, 0x80, 0x30, 0x61, 0xBF, 0xFE, 0x61, 0xBF, 0xFE,
    0x61, 0x80, 0x30, 0x61, 0x80, 0x30, 0x7F, 0x88, 0x30, 0x7F, 0x98, 0x30,
    0x61, 0x8C, 0x30, 0x61, 0x8C, 0x30, 0x61, 0x86, 0x30, 0x61, 0x84, 0x30,
    0x61, 0x80, 0x30, 0x61, 0x80, 0x30, 0x7F, 0x80, 0x30, 0x7F, 0x80, 0x30,
    0x61, 0x80, 0x30, 0x61, 0x87, 0xF0, 0x00, 0x07, 0xE0, 0x00, 0x00, 0x00,
};

static const uint8_t glyph_660E_small[] = {
    0x00, 0x00, 0x7C, 0xFE, 0x44, 0x82, 0x44, 0x82, 0x44, 0x82, 0x44, 0xFE,
    0x7C, 0x82, 0x44, 0x82, 0x44, 0x82, 0x44, 0xFE, 0x44, 0x82, 0x7D, 0x02,
    0x43, 0x02, 0x02, 0x02, 0x04, 0x3E, 0x00, 0x00,
};

static const uint8_t glyph_660E_large[] = {
    0x00, 0x00, 0x00, 0x00, 0x0F, 0xFC, 0x3F, 0x8F, 0xFC, 0x3F, 0x8C, 0x0C,
    0x31, 0x8C, 0x0C, 0x31, 0x8C, 0x0C, 0x31, 0x8C, 0x0C, 0x31, 0x8F, 0xFC,
    0x3F, 0x8F, 0xFC, 0x3F, 0x8C, 0x0C, 0x31, 0x8C, 0x0C, 0x31, 0x8C, 0x0C,
    0x31, 0x8C, 0x0C, 0x31, 0x8F, 0xFC, 0x31, 0x9F, 0xFC, 0x3F, 0x9C, 0x0C,
    0x3F, 0x98, 0x0C, 0x30, 0x38, 0x0C, 0x30, 0x70, 0x0C, 0x00, 0xE0, 0x0C,
    0x01, 0xE1, 0xFC, 0x00, 0x81, 0xF8, 0x00, 0x00, 0x00, 0x00, 0x00, 0x00,
};

static const uint8_t glyph_6696_small[] = {
    0x00, 0x00, 0x00, 0x1C, 0x03, 0xE0, 0x78, 0x00, 0x4A, 0x44, 0x49, 0x28,
    0x4B, 0xFE, 0x79, 0x00, 0x4F, 0xFE, 0x49, 0x00, 0x49, 0xFC, 0x4A, 0x8C,
    0x7A, 0x78, 0x44, 0x70, 0x0B, 0x8E, 0x00, 0x00,
};

static const uint8_t glyph_6696_large[] = {
    0x00, 0x00, 0x00, 0x00, 0x00, 0x3E, 0x00, 0x7F, 0xFE, 0x7F, 0x7F, 0x80,
    0x7F, 0x00, 0x00, 0x63, 0x63, 0x0C, 0x63, 0x33, 0x18, 0x63, 0x19, 0xB0,
    0x63, 0x7F, 0xFE, 0x63, 0x7F, 0xFE, 0x7F, 0x0C, 0x00, 0x7F, 0x7F, 0xFF,
    0x63, 0x7F, 0xFF, 0x63, 0x18, 0x00, 0x63, 0x1F, 0xF8, 0x63, 0x1F, 0xF8,
    0x63, 0x34, 0x18, 0x7F, 0x36, 0x30, 0x7F, 0x63, 0x60, 0x60, 0x61, 0xC0,
    0x60, 0xC3, 0xF8, 0x01, 0xBF, 0x7F, 0x00, 0x18, 0x0E, 0x00, 0x00, 0x00,
};

static const uint8_t glyph_67D4_small[] = {
    0x3F, 0xFC, 0x0C, 0x18, 0x03, 0x60, 0x00, 0xC0, 0x7F, 0xFE, 0x06, 0x42,
    0x1C, 0x44, 0x63, 0xC0, 0x01, 0x00, 0x7F, 0xFF, 0x03, 0x80, 0x0D, 0x60,
    0x31, 0x18, 0xC1, 0x07, 0x01, 0x00, 0x00, 0x00,
};

static const uint8_t glyph_67D4_large[] = {
    0x00, 0x00, 0x00, 0x0F, 0xFF, 0xF8, 0x0F, 0xFF, 0xF8, 0x01, 0xC0, 0xF0,
    0x00, 0x7F, 0x80, 0x00, 0x0F, 0x00, 0x3F, 0xFF, 0xFE, 0x3F, 0xFF, 0xFE,
    0x00, 0x76, 0x06, 0x03, 0xC6, 0x0C, 0x3F, 0x7E, 0x0C, 0x18, 0x7C, 0x18,
    0x00, 0x0C, 0x00, 0x00, 0x0C, 0x00, 0x3F, 0xFF, 0xFF, 0x3F, 0xFF, 0xFF,
    0x00, 0x3F, 0x00, 0x01, 0xCD, 0xC0, 0x0F, 0x8C, 0x78, 0x7C, 0x0C, 0x1F,
    0x30, 0x0C, 0x06, 0x00, 0x0C, 0x00, 0x00, 0x00, 0x00, 0x00, 0x00, 0x00,
};

static const uint8_t glyph_67E5_small[] = {
    0x00, 0x80, 0x00, 0x80, 0x3F, 0xFE, 0x01, 0xC0, 0x06, 0xA0, 0x18, 0x98,
    0x7F, 0xFE, 0x10, 0x08, 0x1F, 0xF8, 0x10, 0x08, 0x10, 0x08, 0x1F, 0xF8,
    0x10, 0x08, 0x00, 0x00, 0x7F, 0xFE, 0x00, 0x00,
};

static const uint8_t glyph_67E5_large[] = {
    0x00, 0x00, 0x00, 0x00, 0x18, 0x00, 0x00, 0x18, 0x00, 0x00, 0x18, 0x00,
    0x7F, 0xFF, 0xFC, 0x7F, 0xFF, 0xFC, 0x00, 0x7E, 0x00, 0x03, 0x9B, 0x80,
    0x1E, 0x18, 0xF0, 0xF8, 0x00, 0x3E, 0x6F, 0xFF, 0xF4, 0x0F, 0xFF, 0xF0,
    0x0C, 0x00, 0x30, 0x0F, 0xFF, 0xF0, 0x0F, 0xFF, 0xF0, 0x0C, 0x00, 0x30,
    0x0C, 0x00, 0x30, 0x0F, 0xFF, 0xF0, 0x0F, 0xFF, 0xF0, 0x0C, 0x00, 0x30,
    0x00, 0x00, 0x00, 0xFF, 0xFF, 0xFE, 0xFF, 0xFF, 0xFE, 0x00, 0x00, 0x00,
};

static const uint8_t glyph_682A_small[] = {
    0x10, 0x20, 0x10, 0xA0, 0x10, 0xA0, 0x7D, 0xFE, 0x11, 0x20, 0x12, 0x20,
    0x38, 0x20, 0x37, 0xFE, 0x30, 0x70, 0x50, 0xB0, 0x50, 0xA8, 0x11, 0x24,
    0x12, 0x22, 0x14, 0x21, 0x10, 0x20, 0x00, 0x00,
};

static const uint8_t glyph_682A_large[] = {
    0x00, 0x00, 0x00, 0x0C, 0x01, 0x80, 0x0C, 0x19, 0x80, 0x0C, 0x19, 0x80,
    0x0C, 0x31, 0x80, 0x7F, 0xBF, 0xFC, 0x7F, 0xBF, 0xFC, 0x0C, 0x31, 0x80,
    0x0C, 0x71, 0x80, 0x1E, 0x61, 0x80, 0x1F, 0x01, 0x80, 0x1D, 0xFF, 0xFE,
    0x3C, 0x7F, 0xFE, 0x2C, 0x03, 0xC0, 0x6C, 0x07, 0xC0, 0x4C, 0x0D, 0xA0,
    0x0C, 0x19, 0xB0, 0x0C, 0x31, 0x98, 0x0C, 0x61, 0x8C, 0x0D, 0xC1, 0x87,
    0x0D, 0x01, 0x82, 0x0C, 0x01, 0x80, 0x0C, 0x01, 0x80, 0x00, 0x00, 0x00,
};

static const uint8_t glyph_68C0_small[] = {
    0x10, 0x20, 0x10, 0x70, 0x10, 0x48, 0x7E, 0x8C, 0x11, 0x06, 0x12, 0x03,
    0x39, 0xF8, 0x34, 0x00, 0x52, 0x44, 0x52, 0x48, 0x51, 0x28, 0x11, 0x28,
    0x10, 0x10, 0x17, 0xFE, 0x10, 0x00, 0x00, 0x00,
};

static const uint8_t glyph_68C0_large[] = {
    0x0C, 0x01, 0x80, 0x0C, 0x01, 0xC0, 0x0C, 0x03, 0xC0, 0x0C, 0x02, 0x60,
    0x0C, 0x06, 0x30, 0xFF, 0xCC, 0x38, 0xFF, 0xD8, 0x1C, 0x0C, 0x18, 0x0E,
    0x1C, 0x30, 0x07, 0x1E, 0x7F, 0xFA, 0x1F, 0x1F, 0xF8, 0x3D, 0x80, 0x00,
    0x2C, 0xE3, 0x0C, 0x6C, 0x73, 0x9C, 0xCC, 0x31, 0x98, 0xCC, 0x31, 0x98,
    0x0C, 0x30, 0xF0, 0x0C, 0x18, 0xF0, 0x0C, 0x18, 0x60, 0x0C, 0x00, 0x60,
    0x0C, 0xFF, 0xFF, 0x0C, 0xFF, 0xFF, 0x0C, 0x00, 0x00, 0x00, 0x00, 0x00,
};

static const uint8_t glyph_690D_small[] = {
    0x20, 0x40, 0x20, 0x40, 0x27, 0xFE, 0xF8, 0x40, 0x20, 0x40, 0x23, 0xFC,
    0x72, 0x04, 0x7B, 0xFC, 0xAA, 0x04, 0xA3, 0xFC, 0xA2, 0x04, 0x22, 0x04,
    0x22, 0x04, 0x2F, 0xFE, 0x20, 0x00, 0x00, 0x00,
};

static const uint8_t glyph_690D_large[] = {
    0x0C, 0x01, 0x80, 0x0C, 0x01, 0x80, 0x0C, 0x7F, 0xFE, 0x0C, 0x7F, 0xFE,
    0x7F, 0x81, 0x80, 0x7F, 0x81, 0x80, 0x0C, 0x3F, 0xFC, 0x0C, 0x3F, 0xFC,
    0x1C, 0x30, 0x0C, 0x1F, 0x3F, 0xFC, 0x1D, 0xBF, 0xFC, 0x3C, 0xF0, 0x0C,
    0x2C, 0x3F, 0xFC, 0x2C, 0x3F, 0xFC, 0x6C, 0x30, 0x0C, 0x4C, 0x30, 0x0C,
    0x0C, 0x3F, 0xFC, 0x0C, 0x3F, 0xFC, 0x0C, 0x30, 0x0C, 0x0C, 0x30, 0x0C,
    0x0C, 0xFF, 0xFF, 0x0C, 0xFF, 0xFF, 0x0C, 0x00, 0x00, 0x00, 0x00, 0x00,
};

static const uint8_t glyph_6B63_small[] = {
    0x00, 0x00, 0x7F, 0xFE, 0x00, 0x80, 0x00, 0x80, 0x10, 0x80, 0x10, 0x80,
    0x10, 0x80, 0x10, 0xFE, 0x10, 0x80, 0x10, 0x80, 0x10, 0x80, 0x10, 0x80,
    0x10, 0x80, 0xFF, 0xFF, 0x00, 0x00, 0x00, 0x00,
};

static const uint8_t glyph_6B63_large[] = {
    0x00, 0x00, 0x00, 0x00, 0x00, 0x00, 0x7F, 0xFF, 0xFE, 0x7F, 0xFF, 0xFE,
    0x00, 0x0C, 0x00, 0x00, 0x0C, 0x00, 0x00, 0x0C, 0x00, 0x0C, 0x0C, 0x00,
    0x0C, 0x0C, 0x00, 0x0C, 0x0C, 0x00, 0x0C, 0x0F, 0xFC, 0x0C, 0x0F, 0xFC,
    0x0C, 0x0C, 0x00, 0x0C, 0x0C, 0x00, 0x0C, 0x0C, 0x00, 0x0C, 0x0C, 0x00,
    0x0C, 0x0C, 0x00, 0x0C, 0x0C, 0x00, 0x0C, 0x0C, 0x00, 0x0C, 0x0C, 0x00,
    0xFF, 0xFF, 0xFF, 0xFF, 0xFF, 0xFF, 0x00, 0x00, 0x00, 0x00, 0x00, 0x00,
};

static const uint8_t glyph_6C0F_small[] = {
    0x00, 0x00, 0x00, 0x3E, 0x3F, 0xC0, 0x20, 0x40, 0x20, 0x40, 0x20, 0x40,
    0x20, 0x40, 0x3F, 0xFF, 0x20, 0x40, 0x20, 0x40, 0x20, 0x40, 0x20, 0x21,
    0x23, 0x31, 0x3C, 0x1B, 0x60, 0x0E, 0x00, 0x00,
};

static const uint8_t glyph_6C0F_large[] = {
    0x00, 0x00, 0x00, 0x00, 0x01, 0xFC, 0x1F, 0xFF, 0xFC, 0x1F, 0xFE, 0x00,
    0x18, 0x06, 0x00, 0x18, 0x06, 0x00, 0x18, 0x06, 0x00, 0x18, 0x06, 0x00,
    0x18, 0x06, 0x00, 0x18, 0x06, 0x00, 0x1F, 0xFF, 0xFE, 0x1F, 0xFF, 0xFE,
    0x18, 0x06, 0x00, 0x18, 0x06, 0x00, 0x18, 0x06, 0x00, 0x18, 0x06, 0x00,
    0x18, 0x03, 0x06, 0x18, 0x13, 0x06, 0x18, 0x73, 0x86, 0x1B, 0xE1, 0xCE,
    0x1F, 0x00, 0xEC, 0x3C, 0x00, 0x7C, 0x10, 0x00, 0x38, 0x00, 0x00, 0x00,
};

static const uint8_t glyph_6C14_small[] = {
    0x00, 0x00, 0x08, 0x00, 0x0F, 0xFE, 0x10, 0x00, 0x10, 0x00, 0x2F, 0xFC,
    0x20, 0x00, 0x40, 0x00, 0x5F, 0xF8, 0x00, 0x08, 0x00, 0x08, 0x00, 0x09,
    0x00, 0x09, 0x00, 0x05, 0x00, 0x06, 0x00, 0x00,
};

static const uint8_t glyph_6C14_large[] = {
    0x06, 0x00, 0x00, 0x06, 0x00, 0x00, 0x0C, 0x00, 0x00, 0x0F, 0xFF, 0xFE,
    0x1F, 0xFF, 0xFE, 0x18, 0x00, 0x00, 0x18, 0x00, 0x00, 0x37, 0xFF, 0xF0,
    0x37, 0xFF, 0xF0, 0x60, 0x00, 0x00, 0xE0, 0x00, 0x00, 0xFF, 0xFF, 0xE0,
    0xBF, 0xFF, 0xE0, 0x00, 0x00, 0x60, 0x00, 0x00, 0x60, 0x00, 0x00, 0x60,
    0x00, 0x00, 0x60, 0x00, 0x00, 0x63, 0x00, 0x00, 0x73, 0x00, 0x00, 0x33,
    0x00, 0x00, 0x3F, 0x00, 0x00, 0x1E, 0x00, 0x00, 0x1C, 0x00, 0x00, 0x00,
};

static const uint8_t glyph_6C34_small[] = {
    0x00, 0x00, 0x00, 0x80, 0x00, 0x80, 0x00, 0x82, 0x00, 0xC4, 0xFC, 0xCC,
    0x04, 0xD0, 0x08, 0xA0, 0x08, 0xB0, 0x18, 0x90, 0x10, 0x88, 0x20, 0x8C,
    0x40, 0x86, 0x80, 0x83, 0x0F, 0x00, 0x00, 0x00,
};

static const uint8_t glyph_6C34_large[] = {
    0x00, 0x18, 0x00, 0x00, 0x18, 0x00, 0x00, 0x18, 0x00, 0x00, 0x18, 0x00,
    0x00, 0x18, 0x08, 0x00, 0x1C, 0x1C, 0x7F, 0x9C, 0x38, 0x7F, 0x9C, 0x70,
    0x01, 0x9E, 0xE0, 0x01, 0x9F, 0xC0, 0x03, 0x1B, 0x80, 0x03, 0x1B, 0x80,
    0x06, 0x19, 0x80, 0x06, 0x18, 0xC0, 0x0C, 0x18, 0xE0, 0x1C, 0x18, 0x70,
    0x18, 0x18, 0x38, 0x30, 0x18, 0x1C, 0x70, 0x18, 0x0E, 0xE0, 0x18, 0x07,
    0x40, 0x18, 0x02, 0x03, 0xF8, 0x00, 0x03, 0xF0, 0x00, 0x00, 0x00, 0x00,
};

static const uint8_t glyph_6CE8_small[] = {
    0x00, 0x00, 0xC0, 0x80, 0x60, 0x40, 0x37, 0xFE, 0x00, 0x40, 0x80, 0x40,
    0x40, 0x40, 0x20, 0x40, 0x07, 0xFC, 0x20, 0x40, 0x20, 0x40, 0x40, 0x40,
    0x40, 0x40, 0xC0, 0x40, 0x9F, 0xFE, 0x00, 0x00,
};

static const uint8_t glyph_6CE8_large[] = {
    0x20, 0x04, 0x00, 0x70, 0x0E, 0x00, 0x38, 0x07, 0x00, 0x1C, 0x03, 0x80,
    0x09, 0xFF, 0xFE, 0x01, 0xFF, 0xFE, 0x20, 0x03, 0x00, 0x70, 0x03, 0x00,
    0x38, 0x03, 0x00, 0x1C, 0x03, 0x00, 0x08, 0x03, 0x00, 0x00, 0xFF, 0xFE,
    0x00, 0xFF, 0xFE, 0x08, 0x03, 0x00, 0x0C, 0x03, 0x00, 0x18, 0x03, 0x00,
    0x18, 0x03, 0x00, 0x18, 0x03, 0x00, 0x30, 0x03, 0x00, 0x30, 0x03, 0x00,
    0x33, 0xFF, 0xFF, 0x63, 0xFF, 0xFF, 0x20, 0x00, 0x00, 0x00, 0x00, 0x00,
};

static const uint8_t glyph_6D47_small[] = {
    0x00, 0x00, 0x61, 0x00, 0x30, 0xFE, 0x1F, 0xC0, 0x00, 0xC6, 0x40, 0x79,
    0x61, 0xF1, 0x2E, 0x0E, 0x00, 0x00, 0x2F, 0xFF, 0x20, 0x90, 0x20, 0x91,
    0x41, 0x11, 0x42, 0x11, 0x4C, 0x1E, 0x00, 0x00,
};

static const uint8_t glyph_6D47_large[] = {
    0x00, 0x00, 0x00, 0x20, 0x30, 0x00, 0x70, 0x30, 0x1C, 0x38, 0x1B, 0xFC,
    0x1C, 0x7F, 0xF0, 0x09, 0xFE, 0x10, 0x01, 0xCC, 0x38, 0x40, 0x06, 0xE0,
    0xF0, 0x03, 0xC3, 0x78, 0x0F, 0x83, 0x1C, 0x7D, 0xE7, 0x0B, 0xF0, 0x7E,
    0x01, 0x80, 0x1C, 0x00, 0x00, 0x00, 0x13, 0xFF, 0xFE, 0x1B, 0xFF, 0xFE,
    0x38, 0x18, 0xC0, 0x30, 0x18, 0xC2, 0x30, 0x30, 0xC3, 0x30, 0x70, 0xC3,
    0x31, 0xE0, 0xC3, 0x67, 0xC0, 0xFE, 0x62, 0x00, 0x7E, 0x00, 0x00, 0x00,
};

static const uint8_t glyph_6D4B_small[] = {
    0x40, 0x02, 0x27, 0xCA, 0x14, 0x4A, 0x05, 0x4A, 0x45, 0x4A, 0x25, 0x4A,
    0x15, 0x4A, 0x05, 0x4A, 0x05, 0x4A, 0x15, 0x4A, 0x11, 0x0A, 0x23, 0x02,
    0x26, 0x82, 0x4C, 0x42, 0x58, 0x2E, 0x00, 0x00,
};

static const uint8_t glyph_6D4B_large[] = {
    0x40, 0x00, 0x06, 0x63, 0xFF, 0x06, 0x33, 0xFF, 0x66, 0x1B, 0x03, 0x66,
    0x13, 0x03, 0x66, 0x03, 0x33, 0x66, 0xC3, 0x33, 0x66, 0x63, 0x33, 0x66,
    0x63, 0x33, 0x66, 0x33, 0x33, 0x66, 0x1B, 0x33, 0x66, 0x03, 0x33, 0x66,
    0x03, 0x33, 0x66, 0x13, 0x33, 0x66, 0x1B, 0x33, 0x66, 0x1B, 0x73, 0x66,
    0x30, 0x60, 0x66, 0x30, 0xF8, 0x06, 0x30, 0xDC, 0x06, 0x31, 0xC6, 0x06,
    0x67, 0x83, 0x7E, 0x6E, 0x01, 0xFC, 0x04, 0x00, 0x00, 0x00, 0x00, 0x00,
};

static const uint8_t glyph_6E29_small[] = {
    0x60, 0x00, 0x33, 0xFC, 0x1A, 0x04, 0x03, 0xFC, 0x42, 0x04, 0x63, 0xFC,
    0x22, 0x04, 0x00, 0x00, 0x27, 0xFE, 0x24, 0x92, 0x24, 0x92, 0x24, 0x92,
    0x44, 0x92, 0x5F, 0xFF, 0x40, 0x00, 0x00, 0x00,
};

static const uint8_t glyph_6E29_large[] = {
    0x00, 0x00, 0x00, 0x20, 0x00, 0x00, 0x70, 0xFF, 0xF8, 0x38, 0xFF, 0xF8,
    0x1C, 0xC0, 0x18, 0x08, 0xFF, 0xF8, 0x00, 0xFF, 0xF8, 0x40, 0xC0, 0x18,
    0xE0, 0xFF, 0xF8, 0x38, 0xFF, 0xF8, 0x10, 0xC0, 0x18, 0x00, 0x00, 0x00,
    0x01, 0xFF, 0xFC, 0x11, 0xFF, 0xFC, 0x19, 0x8C, 0xCC, 0x19, 0x8C, 0xCC,
    0x31, 0x8C, 0xCC, 0x31, 0x8C, 0xCC, 0x31, 0x8C, 0xCC, 0x31, 0x8C, 0xCC,
    0x77, 0xFF, 0xFF, 0x67, 0xFF, 0xFF, 0x60, 0x00, 0x00, 0x00, 0x00, 0x00,
};

static const uint8_t glyph_6E7F_small[] = {
    0x40, 0x00, 0x23, 0xFE, 0x12, 0x02, 0x03, 0xFE, 0x42, 0x02, 0x23, 0xFE,
    0x10, 0x00, 0x04, 0x89, 0x24, 0x89, 0x26, 0x8A, 0x22, 0x8E, 0x22, 0x8C,
    0x40, 0x88, 0x4F, 0xFF, 0x40, 0x00, 0x00, 0x00,
};

static const uint8_t glyph_6E7F_large[] = {
    0x00, 0x00, 0x00, 0x40, 0x00, 0x00, 0x70, 0xFF, 0xFC, 0x38, 0xFF, 0xFC,
    0x1C, 0xC0, 0x0C, 0x08, 0xC0, 0x0C, 0x00, 0xFF, 0xFC, 0x20, 0xFF, 0xFC,
    0x70, 0xC0, 0x0C, 0x38, 0xC0, 0x0C, 0x1C, 0xFF, 0xFC, 0x08, 0xFF, 0xFC,
    0x00, 0xC0, 0x0C, 0x00, 0x18, 0xC0, 0x10, 0x98, 0xC4, 0x19, 0xD8, 0xCE,
    0x38, 0xD8, 0xDC, 0x30, 0xF8, 0xF8, 0x30, 0x58, 0xD0, 0x30, 0x18, 0xC0,
    0x33, 0xFF, 0xFE, 0x63, 0xFF, 0xFE, 0x60, 0x00, 0x00, 0x00, 0x00, 0x00,
};

static const uint8_t glyph_7167_small[] = {
    0x00, 0x00, 0x7D, 0xFE, 0x44, 0x22, 0x44, 0x22, 0x44, 0xDE, 0x7D, 0x80,
    0x44, 0xFE, 0x44, 0x82, 0x44, 0x82, 0x7C, 0xFE, 0x44, 0x82, 0x00, 0x00,
    0x24, 0x44, 0x46, 0x62, 0x82, 0x21, 0x00, 0x00,
};

static const uint8_t glyph_7167_large[] = {
    0x00, 0x00, 0x00, 0x3F, 0xDF, 0xFC, 0x3F, 0xDF, 0xFC, 0x30, 0xC3, 0x0C,
    0x30, 0xC3, 0x0C, 0x30, 0xC6, 0x0C, 0x30, 0xC6, 0xFC, 0x3F, 0xDC, 0xF8,
    0x3F, 0xF0, 0x00, 0x30, 0xCF, 0xFC, 0x30, 0xCF, 0xFC, 0x30, 0xCC, 0x0C,
    0x30, 0xCC, 0x0C, 0x3F, 0xCF, 0xFC, 0x3F, 0xCF, 0xFC, 0x30, 0xCC, 0x0C,
    0x00, 0x00, 0x00, 0x18, 0x82, 0x08, 0x39, 0xC7, 0x1C, 0x30, 0xC3, 0x0C,
    0x70, 0xE3, 0x8E, 0x20, 0x41, 0x04, 0x00, 0x00, 0x00, 0x00, 0x00, 0x00,
};

static const uint8_t glyph_7247_small[] = {
    0x10, 0x20, 0x10, 0x20, 0x10, 0x20, 0x10, 0x20, 0x1F, 0xFF, 0x10, 0x00,
    0x10, 0x00, 0x10, 0x00, 0x1F, 0xF0, 0x10, 0x10, 0x10, 0x10, 0x30, 0x10,
    0x20, 0x10, 0x20, 0x10, 0x40, 0x10, 0x00, 0x00,
};

static const uint8_t glyph_7247_large[] = {
    0x00, 0x01, 0x80, 0x06, 0x01, 0x80, 0x06, 0x01, 0x80, 0x06, 0x01, 0x80,
    0x06, 0x01, 0x80, 0x06, 0x01, 0x80, 0x06, 0x01, 0x80, 0x07, 0xFF, 0xFE,
    0x07, 0xFF, 0xFE, 0x06, 0x00, 0x00, 0x06, 0x00, 0x00, 0x06, 0x00, 0x00,
    0x06, 0x00, 0x00, 0x07, 0xFF, 0xC0, 0x07, 0xFF, 0xC0, 0x06, 0x00, 0xC0,
    0x0E, 0x00, 0xC0, 0x0C, 0x00, 0xC0, 0x1C, 0x00, 0xC0, 0x18, 0x00, 0xC0,
    0x38, 0x00, 0xC0, 0x70, 0x00, 0xC0, 0x20, 0x00, 0xC0, 0x00, 0x00, 0x00,
};

static const uint8_t glyph_7248_small[] = {
    0x48, 0x07, 0x49, 0xF8, 0x49, 0x00, 0x49, 0x00, 0x49, 0x00, 0x7D, 0xFE,
    0x41, 0x42, 0x41, 0x42, 0x79, 0x44, 0x49, 0x24, 0x49, 0x28, 0x4B, 0x10,
    0x4A, 0x38, 0x8A, 0x46, 0x8D, 0x83, 0x00, 0x00,
};

static const uint8_t glyph_7248_large[] = {
    0x03, 0x00, 0x00, 0x33, 0x00, 0x1E, 0x33, 0x1F, 0xFE, 0x33, 0x1F, 0xE0,
    0x33, 0x18, 0x00, 0x33, 0x18, 0x00, 0x33, 0x18, 0x00, 0x3F, 0xDF, 0xFC,
    0x3F, 0xDF, 0xFC, 0x30, 0x1E, 0x0C, 0x30, 0x1E, 0x0C, 0x30, 0x1E, 0x18,
    0x3F, 0x1E, 0x18, 0x3F, 0x1B, 0x18, 0x33, 0x1B, 0x30, 0x33, 0x1B, 0xB0,
    0x33, 0x39, 0xE0, 0x33, 0x30, 0xC0, 0x63, 0x31, 0xE0, 0x63, 0x73, 0x70,
    0x63, 0x6E, 0x3C, 0xC3, 0xDC, 0x1E, 0x43, 0x48, 0x04, 0x00, 0x00, 0x00,
};

static const uint8_t glyph_7269_small[] = {
    0x10, 0x80, 0x51, 0x00, 0x51, 0xFE, 0x7A, 0x52, 0x92, 0x52, 0x94, 0x52,
    0x90, 0x64, 0x1C, 0xA4, 0x70, 0xA4, 0xD1, 0x64, 0x12, 0x44, 0x10, 0x84,
    0x11, 0x84, 0x12, 0x38, 0x10, 0x00, 0x00, 0x00,
};

static const uint8_t glyph_7269_large[] = {
    0x00, 0x00, 0x00, 0x06, 0x0C, 0x00, 0x06, 0x1C, 0x00, 0x36, 0x18, 0x00,
    0x36, 0x1F, 0xFE, 0x36, 0x3F, 0xFE, 0x7F, 0xB6, 0x66, 0x7F, 0xE6, 0x66,
    0x66, 0xE6, 0x66, 0x66, 0x46, 0x46, 0xC6, 0x0C, 0xC6, 0x46, 0x8C, 0xC6,
    0x07, 0x8C, 0xC6, 0x0F, 0x18, 0xC6, 0x7E, 0x39, 0x8C, 0xF6, 0x31, 0x8C,
    0x86, 0x63, 0x0C, 0x06, 0xE7, 0x0C, 0x06, 0x4E, 0x0C, 0x06, 0x1C, 0x0C,
    0x06, 0x38, 0x0C, 0x06, 0x71, 0xFC, 0x06, 0x21, 0xF8, 0x00, 0x00, 0x00,
};

static const uint8_t glyph_72B6_small[] = {
    0x00, 0x00, 0x08, 0x28, 0x08, 0x26, 0x48, 0x22, 0x28, 0x20, 0x3B, 0xFF,
    0x18, 0x20, 0x08, 0x20, 0x18, 0x50, 0x28, 0x50, 0x28, 0x58, 0x48, 0x88,
    0x09, 0x04, 0x0B, 0x06, 0x0C, 0x03, 0x00, 0x00,
};

static const uint8_t glyph_72B6_large[] = {
    0x03, 0x03, 0x00, 0x03, 0x03, 0x20, 0x03, 0x03, 0x70, 0x03, 0x03, 0x1C,
    0x23, 0x03, 0x08, 0x73, 0x03, 0x00, 0x33, 0x03, 0x00, 0x33, 0x7F, 0xFE,
    0x3B, 0x7F, 0xFE, 0x13, 0x03, 0x00, 0x03, 0x03, 0x00, 0x03, 0x07, 0x80,
    0x07, 0x07, 0x80, 0x0F, 0x06, 0x80, 0x3B, 0x06, 0xC0, 0x73, 0x0C, 0xC0,
    0xE3, 0x0C, 0x60, 0x43, 0x18, 0x70, 0x03, 0x18, 0x38, 0x03, 0x30, 0x1C,
    0x03, 0x70, 0x0E, 0x03, 0xE0, 0x07, 0x03, 0x40, 0x02, 0x00, 0x00, 0x00,
};

static const uint8_t glyph_73AF_small[] = {
    0x7D, 0xFE, 0x10, 0x20, 0x10, 0x20, 0x10, 0x60, 0x10, 0x40, 0x7C, 0xE8,
    0x10, 0xA4, 0x11, 0xA4, 0x13, 0x22, 0x1E, 0x23, 0x34, 0x21, 0x40, 0x20,
    0x00, 0x20, 0x00, 0x20, 0x00, 0x20, 0x00, 0x00,
};

static const uint8_t glyph_73AF_large[] = {
    0x00, 0x00, 0x00, 0xFF, 0xBF, 0xFE, 0xFF, 0xBF, 0xFE, 0x0C, 0x01, 0x80,
    0x0C, 0x01, 0x80, 0x0C, 0x03, 0x00, 0x0C, 0x03, 0x00, 0x0C, 0x03, 0x00,
    0xFF, 0x87, 0x80, 0xFF, 0x87, 0xA0, 0x0C, 0x0D, 0xF0, 0x0C, 0x0D, 0xB8,
    0x0C, 0x19, 0x98, 0x0C, 0x39, 0x9C, 0x0F, 0xB1, 0x8E, 0x3F, 0xE1, 0x86,
    0xFC, 0xE1, 0x87, 0xC1, 0xC1, 0x82, 0x00, 0x81, 0x80, 0x00, 0x01, 0x80,
    0x00, 0x01, 0x80, 0x00, 0x01, 0x80, 0x00, 0x01, 0x80, 0x00, 0x00, 0x00,
};

static const uint8_t glyph_7406_small[] = {
    0x00, 0x00, 0xFB, 0xFE, 0x22, 0x22, 0x22, 0x22, 0x23, 0xFE, 0x22, 0x22,
    0xFA, 0x22, 0x23, 0xFE, 0x22, 0x22, 0x20, 0x20, 0x23, 0xFE, 0x38, 0x20,
    0xE0, 0x20, 0x07, 0xFF, 0x00, 0x00, 0x00, 0x00,
};

static const uint8_t glyph_7406_large[] = {
    0x00, 0x00, 0x00, 0x00, 0x00, 0x00, 0xFF, 0x7F, 0xFC, 0xFF, 0x7F, 0xFC,
    0x18, 0x63, 0x0C, 0x18, 0x63, 0x0C, 0x18, 0x7F, 0xFC, 0x18, 0x7F, 0xFC,
    0x18, 0x63, 0x0C, 0x18, 0x63, 0x0C, 0x7F, 0x7F, 0xFC, 0x7F, 0x7F, 0xFC,
    0x18, 0x63, 0x0C, 0x18, 0x03, 0x00, 0x18, 0x03, 0x00, 0x18, 0x7F, 0xFE,
    0x18, 0x7F, 0xFE, 0x1B, 0x03, 0x00, 0x3F, 0x03, 0x00, 0xFC, 0x03, 0x00,
    0xE1, 0xFF, 0xFF, 0x01, 0xFF, 0xFF, 0x00, 0x00, 0x00, 0x00, 0x00, 0x00,
};

static const uint8_t glyph_751F_small[] = {
    0x00, 0x00, 0x00, 0x80, 0x08, 0x80, 0x18, 0x80, 0x1F, 0xFE, 0x30, 0x80,
    0x20, 0x80, 0x40, 0x80, 0x00, 0x80, 0x1F, 0xFE, 0x00, 0x80, 0x00, 0x80,
    0x00, 0x80, 0x00, 0x80, 0x7F, 0xFF, 0x00, 0x00,
};

static const uint8_t glyph_751F_large[] = {
    0x00, 0x00, 0x00, 0x00, 0x18, 0x00, 0x06, 0x18, 0x00, 0x0C, 0x18, 0x00,
    0x0C, 0x18, 0x00, 0x1F, 0xFF, 0xFE, 0x3F, 0xFF, 0xFE, 0x30, 0x18, 0x00,
    0x70, 0x18, 0x00, 0xE0, 0x18, 0x00, 0x40, 0x18, 0x00, 0x00, 0x18, 0x00,
    0x1F, 0xFF, 0xFC, 0x1F, 0xFF, 0xFC, 0x00, 0x18, 0x00, 0x00, 0x18, 0x00,
    0x00, 0x18, 0x00, 0x00, 0x18, 0x00, 0x00, 0x18, 0x00, 0x00, 0x18, 0x00,
    0xFF, 0xFF, 0xFF, 0xFF, 0xFF, 0xFF, 0x00, 0x00, 0x00, 0x00, 0x00, 0x00,
};

static const uint8_t glyph_754C_small[] = {
    0x00, 0x00, 0x3F, 0xFC, 0x20, 0x84, 0x20, 0x84, 0x3F, 0xFC, 0x20, 0x84,
    0x20, 0x84, 0x3F, 0xFC, 0x23, 0x44, 0x0C, 0x30, 0x34, 0x3C, 0xC4, 0x23,
    0x0C, 0x20, 0x18, 0x20, 0x30, 0x20, 0x00, 0x00,
};

static const uint8_t glyph_754C_large[] = {
    0x00, 0x00, 0x00, 0x1F, 0xFF, 0xF8, 0x1F, 0xFF, 0xF8, 0x18, 0x18, 0x18,
    0x18, 0x18, 0x18, 0x1F, 0xFF, 0xF8, 0x1F, 0xFF, 0xF8, 0x18, 0x18, 0x18,
    0x18, 0x18, 0x18, 0x1F, 0xFF, 0xF8, 0x1F, 0xFF, 0xF8, 0x18, 0x76, 0x18,
    0x00, 0xC3, 0x80, 0x03, 0x00, 0xC0, 0x1F, 0x81, 0xF8, 0x79, 0x81, 0x9E,
    0x21, 0x81, 0x84, 0x03, 0x81, 0x80, 0x07, 0x01, 0x80, 0x0E, 0x01, 0x80,
    0x3C, 0x01, 0x80, 0x10, 0x01, 0x80, 0x00, 0x00, 0x00, 0x00, 0x00, 0x00,
};

static const uint8_t glyph_767D_small[] = {
    0x01, 0x00, 0x02, 0x00, 0x3F, 0xFC, 0x20, 0x04, 0x20, 0x04, 0x20, 0x04,
    0x20, 0x04, 0x20, 0x04, 0x3F, 0xFC, 0x20, 0x04, 0x20, 0x04, 0x20, 0x04,
    0x20, 0x04, 0x20, 0x04, 0x3F, 0xFC, 0x20, 0x04,
};

static const uint8_t glyph_767D_large[] = {
    0x00, 0x60, 0x00, 0x00, 0xE0, 0x00, 0x00, 0xC0, 0x00, 0x3F, 0xFF, 0xFC,
    0x3F, 0xFF, 0xFC, 0x30, 0x00, 0x0C, 0x30, 0x00, 0x0C, 0x30, 0x00, 0x0C,
    0x30, 0x00, 0x0C, 0x30, 0x00, 0x0C, 0x30, 0x00, 0x0C, 0x3F, 0xFF, 0xFC,
    0x3F, 0xFF, 0xFC, 0x30, 0x00, 0x0C, 0x30, 0x00, 0x0C, 0x30, 0x00, 0x0C,
    0x30, 0x00, 0x0C, 0x30, 0x00, 0x0C, 0x30, 0x00, 0x0C, 0x3F, 0xFF, 0xFC,
    0x3F, 0xFF, 0xFC, 0x30, 0x00, 0x0C, 0x30, 0x00, 0x0C, 0x00, 0x00, 0x00,
};

static const uint8_t glyph_786E_small[] = {
    0x00, 0x00, 0x00, 0x40, 0x7C, 0xF8, 0x11, 0x18, 0x12, 0x10, 0x25, 0xFE,
    0x3D, 0x22, 0x65, 0x22, 0x65, 0xFE, 0xA5, 0x22, 0x25, 0x22, 0x25, 0xFE,
    0x3F, 0x22, 0x22, 0x22, 0x04, 0x2E, 0x00, 0x00,
};

static const uint8_t glyph_786E_large[] = {
    0x00, 0x06, 0x00, 0x00, 0x0C, 0x00, 0x7F, 0x8F, 0xF8, 0x7F, 0x9F, 0xF8,
    0x0C, 0x30, 0x30, 0x0C, 0x60, 0x60, 0x08, 0xFF, 0xFE, 0x18, 0xBF, 0xFE,
    0x1F, 0xB0, 0xC6, 0x3F, 0xB0, 0xC6, 0x39, 0xBF, 0xFE, 0x39, 0xBF, 0xFE,
    0x79, 0xB0, 0xC6, 0xD9, 0xB0, 0xC6, 0xD9, 0xB0, 0xC6, 0x19, 0xBF, 0xFE,
    0x19, 0xBF, 0xFE, 0x1F, 0xB0, 0xC6, 0x1F, 0xE0, 0xC6, 0x18, 0x60, 0xC6,
    0x18, 0xC0, 0xDE, 0x00, 0xC0, 0xDC, 0x01, 0x80, 0x00, 0x00, 0x00, 0x00,
};

static const uint8_t glyph_79FB_small[] = {
    0x00, 0x40, 0x0C, 0xC0, 0xF0, 0xFE, 0x11, 0x86, 0x11, 0x84, 0xFE, 0x78,
    0x10, 0x30, 0x30, 0xE0, 0x3F, 0x60, 0x76, 0x7F, 0x50, 0xC3, 0xD1, 0xC2,
    0x92, 0x2C, 0x10, 0x18, 0x10, 0x60, 0x13, 0x80,
};

static const uint8_t glyph_79FB_large[] = {
    0x00, 0x03, 0x00, 0x07, 0x86, 0x00, 0xFF, 0x87, 0xFE, 0xFC, 0x0F, 0xFE,
    0x0C, 0x1C, 0x06, 0x0C, 0x18, 0x0C, 0x0C, 0x36, 0x18, 0xFF, 0xE3, 0x70,
    0xFF, 0x81, 0xE0, 0x0C, 0x03, 0xC0, 0x1C, 0x1F, 0x00, 0x1F, 0x7D, 0x80,
    0x3F, 0x23, 0xFF, 0x3D, 0x87, 0xFF, 0x6C, 0xC6, 0x03, 0x6C, 0x0C, 0x06,
    0xCC, 0x1A, 0x0C, 0xCC, 0x37, 0x38, 0x8C, 0x61, 0xF0, 0x0C, 0x01, 0xE0,
    0x0C, 0x1F, 0x80, 0x0C, 0xFC, 0x00, 0x0C, 0x60, 0x00, 0x00, 0x00, 0x00,
};

static const uint8_t glyph_7A0D_small[] = {
    0x00, 0x00, 0x0F, 0x11, 0xF1, 0x12, 0x10, 0x92, 0x10, 0x94, 0xFE, 0x10,
    0x11, 0xFE, 0x31, 0x02, 0x59, 0x02, 0x55, 0xFE, 0x97, 0x02, 0x93, 0x02,
    0x11, 0xFE, 0x11, 0x02, 0x11, 0x1E, 0x00, 0x00,
};

static const uint8_t glyph_7A0D_large[] = {
    0x00, 0x01, 0x80, 0x07, 0xC1, 0x84, 0xFF, 0xE1, 0x8E, 0xFC, 0x31, 0x8C,
    0x0C, 0x19, 0x98, 0x0C, 0x1D, 0xB0, 0x0C, 0x09, 0xA0, 0xFF, 0x81, 0x80,
    0xFF, 0xBF, 0xFC, 0x0C, 0x3F, 0xFC, 0x1C, 0x30, 0x0C, 0x1E, 0x30, 0x0C,
    0x3F, 0x3F, 0xFC, 0x3D, 0xBF, 0xFC, 0x2C, 0xF0, 0x0C, 0x6C, 0x70, 0x0C,
    0xCC, 0x3F, 0xFC, 0xCC, 0x3F, 0xFC, 0x8C, 0x30, 0x0C, 0x0C, 0x30, 0x0C,
    0x0C, 0x30, 0x0C, 0x0C, 0x30, 0xFC, 0x0C, 0x30, 0xF8, 0x00, 0x00, 0x00,
};

static const uint8_t glyph_7A7A_small[] = {
    0x00, 0x00, 0x01, 0x00, 0x00, 0x80, 0x7F, 0xFE, 0x40, 0x02, 0x46, 0x62,
    0x0C, 0x38, 0x30, 0x0E, 0xC0, 0x03, 0x3F, 0xFC, 0x01, 0x00, 0x01, 0x00,
    0x01, 0x00, 0x01, 0x00, 0x7F, 0xFE, 0x00, 0x00,
};

static const uint8_t glyph_7A7A_large[] = {
    0x00, 0x00, 0x00, 0x00, 0x10, 0x00, 0x00, 0x38, 0x00, 0x00, 0x1C, 0x00,
    0x7F, 0xFF, 0xFE, 0x7F, 0xFF, 0xFE, 0x60, 0x00, 0x06, 0x60, 0x41, 0x06,
    0x61, 0xC3, 0xC6, 0x03, 0x00, 0xE0, 0x0E, 0x00, 0x78, 0x3C, 0x00, 0x1E,
    0xF0, 0x00, 0x07, 0x40, 0x00, 0x02, 0x1F, 0xFF, 0xF8, 0x1F, 0xFF, 0xF8,
    0x00, 0x18, 0x00, 0x00, 0x18, 0x00, 0x00, 0x18, 0x00, 0x00, 0x18, 0x00,
    0x00, 0x18, 0x00, 0x7F, 0xFF, 0xFE, 0x7F, 0xFF, 0xFE, 0x00, 0x00, 0x00,
};

static const uint8_t glyph_7D2B_small[] = {
    0x04, 0x40, 0x24, 0x46, 0x27, 0x4C, 0x24, 0x70, 0x24, 0x41, 0x2F, 0x41,
    0x73, 0x7E, 0x04, 0x18, 0x1F, 0xE0, 0x03, 0x98, 0x0C, 0xFC, 0x3F, 0x82,
    0x00, 0x80, 0x0C, 0xB0, 0x38, 0x9C, 0x63, 0x86,
};

static const uint8_t glyph_7D2B_large[] = {
    0x01, 0x86, 0x00, 0x01, 0x86, 0x08, 0x31, 0x86, 0x3C, 0x31, 0xF6, 0xF8,
    0x31, 0xF7, 0xE2, 0x31, 0x87, 0x83, 0x31, 0x86, 0x03, 0x33, 0xF6, 0x07,
    0xFF, 0xF7, 0xFE, 0xF0, 0x33, 0xFC, 0x03, 0xC3, 0x80, 0x1F, 0xFF, 0xC0,
    0x0F, 0xFE, 0x00, 0x00, 0x70, 0xC0, 0x07, 0x80, 0x60, 0x3F, 0xFF, 0xF8,
    0x1F, 0xFF, 0xFE, 0x00, 0x0C, 0x02, 0x02, 0x0C, 0x40, 0x0F, 0x0C, 0xF0,
    0x1C, 0x0C, 0x3C, 0x79, 0xFC, 0x1E, 0x21, 0xF8, 0x04, 0x00, 0x00, 0x00,
};

static const uint8_t glyph_7EA2_small[] = {
    0x08, 0x00, 0x18, 0x00, 0x13, 0xFE, 0x30, 0x20, 0x24, 0x20, 0x68, 0x20,
    0x78, 0x20, 0x10, 0x20, 0x20, 0x20, 0x7C, 0x20, 0x60, 0x20, 0x00, 0x20,
    0x0C, 0x20, 0x30, 0x20, 0x43, 0xFF, 0x00, 0x00,
};

static const uint8_t glyph_7EA2_large[] = {
    0x00, 0x00, 0x00, 0x04, 0x00, 0x00, 0x0C, 0x00, 0x00, 0x0C, 0x7F, 0xFE,
    0x18, 0x7F, 0xFE, 0x18, 0x01, 0x80, 0x31, 0x01, 0x80, 0x63, 0x81, 0x80,
    0x47, 0x01, 0x80, 0xFE, 0x01, 0x80, 0xFC, 0x01, 0x80, 0x18, 0x01, 0x80,
    0x18, 0x01, 0x80, 0x30, 0x01, 0x80, 0x6F, 0x81, 0x80, 0xFF, 0x81, 0x80,
    0xF0, 0x01, 0x80, 0x00, 0x01, 0x80, 0x03, 0x81, 0x80, 0x3F, 0x81, 0x80,
    0xFC, 0x01, 0x80, 0xC0, 0xFF, 0xFF, 0x00, 0xFF, 0xFF, 0x00, 0x00, 0x00,
};

static const uint8_t glyph_7EBF_small[] = {
    0x00, 0x00, 0x10, 0x5C, 0x20, 0x40, 0x28, 0x7E, 0x57, 0xE0, 0xD0, 0x40,
    0xE0, 0x40, 0x20, 0x7F, 0x47, 0xE0, 0xF8, 0x60, 0xC0, 0x62, 0x00, 0x2C,
    0x3C, 0x31, 0xC0, 0xF9, 0x07, 0x0E, 0x00, 0x00,
};

static const uint8_t glyph_7EBF_large[] = {
    0x00, 0x00, 0x00, 0x04, 0x07, 0x30, 0x0E, 0x07, 0x18, 0x0C, 0x07, 0x0C,
    0x08, 0x07, 0x00, 0x18, 0x03, 0x0E, 0x11, 0x07, 0xFE, 0x33, 0xFF, 0xF0,
    0x23, 0x7B, 0x00, 0x7E, 0x03, 0x00, 0x7E, 0x03, 0x0F, 0x0C, 0x07, 0xFF,
    0x08, 0x7F, 0xF8, 0x18, 0x7B, 0x80, 0x31, 0x81, 0x88, 0x6F, 0x01, 0x9C,
    0x7C, 0x01, 0xB8, 0x60, 0x01, 0xF0, 0x01, 0x81, 0xE2, 0x1F, 0x87, 0xC3,
    0x7E, 0x3E, 0x63, 0x60, 0xF8, 0x3E, 0x00, 0x60, 0x1C, 0x00, 0x00, 0x00,
};

static const uint8_t glyph_7EEA_small[] = {
    0x00, 0x00, 0x10, 0x42, 0x20, 0x44, 0x23, 0xF4, 0x44, 0x48, 0x88, 0x50,
    0xF3, 0xFE, 0x20, 0x40, 0x21, 0xFC, 0x7B, 0x04, 0xC5, 0xFC, 0x01, 0x04,
    0x1D, 0x04, 0xE1, 0xFC, 0x01, 0x04, 0x00, 0x00,
};

static const uint8_t glyph_7EEA_large[] = {
    0x00, 0x00, 0x00, 0x0C, 0x06, 0x00, 0x18, 0x06, 0x00, 0x18, 0x06, 0x08,
    0x30, 0x3F, 0xDC, 0x30, 0x3F, 0xF0, 0x60, 0x06, 0x60, 0x43, 0x06, 0xC0,
    0xFF, 0xFF, 0xFE, 0xFE, 0xFF, 0xFE, 0x0C, 0x01, 0x00, 0x18, 0x06, 0x00,
    0x23, 0x0F, 0xF8, 0x7F, 0x3F, 0xF8, 0xFC, 0xF0, 0x18, 0xC0, 0x30, 0x18,
    0x00, 0x3F, 0xF8, 0x00, 0x3F, 0xF8, 0x03, 0x30, 0x18, 0x3F, 0x30, 0x18,
    0xFC, 0x3F, 0xF8, 0xC0, 0x3F, 0xF8, 0x00, 0x30, 0x18, 0x00, 0x00, 0x00,
};

static const uint8_t glyph_7EED_small[] = {
    0x00, 0x00, 0x10, 0x20, 0x21, 0xFE, 0x44, 0x20, 0x8B, 0xFF, 0xF8, 0x03,
    0x31, 0x92, 0x20, 0x74, 0x43, 0x10, 0xF9, 0x90, 0x03, 0xFF, 0x00, 0x38,
    0x38, 0x4C, 0xC1, 0x86, 0x06, 0x01, 0x00, 0x00,
};

static const uint8_t glyph_7EED_large[] = {
    0x00, 0x00, 0x00, 0x0C, 0x01, 0x80, 0x1C, 0x01, 0x80, 0x18, 0x7F, 0xFC,
    0x30, 0x7F, 0xFC, 0x22, 0x01, 0x80, 0x67, 0x01, 0x80, 0x46, 0xFF, 0xFE,
    0xFC, 0xFF, 0xFE, 0xFC, 0x00, 0x06, 0x18, 0x30, 0xCC, 0x30, 0x18, 0xCC,
    0x20, 0xCC, 0xD8, 0x66, 0x70, 0xC0, 0xFE, 0x18, 0xC0, 0xE0, 0x01, 0x80,
    0x00, 0xFF, 0xFE, 0x00, 0xFF, 0xFE, 0x1E, 0x03, 0xC0, 0xFE, 0x0E, 0xE0,
    0xE0, 0x3C, 0x38, 0x01, 0xF0, 0x0C, 0x00, 0xC0, 0x06, 0x00, 0x00, 0x00,
};

static const uint8_t glyph_7EFF_small[] = {
    0x00, 0x00, 0x10, 0x00, 0x27, 0xFC, 0x20, 0x04, 0x49, 0xFC, 0x90, 0x04,
    0xF3, 0xFF, 0x20, 0x20, 0x42, 0x21, 0xF9, 0x36, 0xC0, 0x78, 0x00, 0xAC,
    0x3B, 0x26, 0xC4, 0x23, 0x01, 0xE0, 0x00, 0x00,
};

static const uint8_t glyph_7EFF_large[] = {
    0x00, 0x00, 0x00, 0x04, 0x00, 0x00, 0x0C, 0x3F, 0xFC, 0x0C, 0x3F, 0xF8,
    0x18, 0x00, 0x18, 0x19, 0x3F, 0xF8, 0x33, 0xBF, 0xF8, 0x27, 0x00, 0x18,
    0x7E, 0x00, 0x18, 0x7E, 0xFF, 0xFF, 0x0C, 0xFF, 0xFF, 0x1C, 0x01, 0x80,
    0x18, 0x61, 0x82, 0x10, 0x39, 0xC6, 0x33, 0x19, 0xDC, 0x7F, 0x05, 0xF8,
    0x7C, 0x0F, 0xB0, 0x60, 0x1D, 0xB8, 0x03, 0x79, 0x9C, 0x1F, 0xE1, 0x8F,
    0x7C, 0x41, 0x86, 0x60, 0x1F, 0x80, 0x00, 0x1F, 0x00, 0x00, 0x00, 0x00,
};

static const uint8_t glyph_8212_small[] = {
    0x10, 0x00, 0x3C, 0xFE, 0x66, 0x06, 0xC1, 0x48, 0xFC, 0x30, 0x10, 0x18,
    0x10, 0xFE, 0xFE, 0x12, 0x10, 0x12, 0x10, 0x12, 0xFC, 0x10, 0x84, 0x10,
    0x84, 0x10, 0xFC, 0x10, 0x84, 0xF0, 0x00, 0x00,
};

static const uint8_t glyph_8212_large[] = {
    0x00, 0x00, 0x00, 0x06, 0x00, 0x00, 0x0F, 0x0F, 0xFC, 0x0D, 0x8F, 0xFC,
    0x18, 0xC0, 0x1C, 0x30, 0x60, 0x30, 0x20, 0x36, 0x70, 0x7F, 0xC3, 0xC0,
    0xBF, 0xC1, 0x80, 0x86, 0x00, 0xE0, 0x06, 0x1F, 0xFE, 0xFF, 0xFF, 0xFE,
    0xFF, 0xE0, 0xC6, 0x06, 0x00, 0xC6, 0x06, 0x00, 0xC6, 0x7F, 0xC0, 0xC0,
    0x7F, 0xC0, 0xC0, 0x60, 0xC0, 0xC0, 0x60, 0xC0, 0xC0, 0x60, 0xC0, 0xC0,
    0x7F, 0xC0, 0xC0, 0x7F, 0xCF, 0xC0, 0x60, 0xCF, 0x80, 0x00, 0x00, 0x00,
};

static const uint8_t glyph_826F_small[] = {
    0x02, 0x00, 0x01, 0x00, 0x3F, 0xF8, 0x20, 0x08, 0x20, 0x08, 0x3F, 0xF8,
    0x20, 0x08, 0x20, 0x08, 0x3F, 0xF8, 0x22, 0x08, 0x21, 0x0C, 0x21, 0xF0,
    0x26, 0xC0, 0x3C, 0x30, 0x60, 0x0E, 0x00, 0x00,
};

static const uint8_t glyph_826F_large[] = {
    0x00, 0x10, 0x00, 0x00, 0x38, 0x00, 0x00, 0x18, 0x00, 0x1F, 0xFF, 0xF8,
    0x1F, 0xFF, 0xF8, 0x18, 0x00, 0x18, 0x18, 0x00, 0x18, 0x1F, 0xFF, 0xF8,
    0x1F, 0xFF, 0xF8, 0x18, 0x00, 0x18, 0x18, 0x00, 0x18, 0x18, 0x00, 0x18,
    0x1F, 0xFF, 0xF8, 0x1F, 0xFF, 0xF8, 0x18, 0x60, 0x04, 0x18, 0x30, 0x1E,
    0x18, 0x38, 0x78, 0x18, 0x1F, 0xE0, 0x18, 0x2F, 0x00, 0x19, 0xE7, 0x80,
    0x1F, 0xC1, 0xF0, 0x3E, 0x00, 0x7F, 0x10, 0x00, 0x0E, 0x00, 0x00, 0x00,
};

static const uint8_t glyph_8272_small[] = {
    0x04, 0x00, 0x0C, 0x00, 0x1F, 0xE0, 0x30, 0x60, 0x60, 0xC0, 0xFF, 0xF8,
    0x21, 0x08, 0x21, 0x08, 0x21, 0x08, 0x3F, 0xF8, 0x20, 0x08, 0x20, 0x00,
    0x20, 0x02, 0x20, 0x02, 0x1F, 0xFC, 0x00, 0x00,
};

static const uint8_t glyph_8272_large[] = {
    0x00, 0x00, 0x00, 0x00, 0xC0, 0x00, 0x01, 0x80, 0x00, 0x03, 0xFF, 0xC0,
    0x07, 0xFF, 0xC0, 0x1C, 0x01, 0x80, 0x38, 0x06, 0x00, 0xFF, 0xFF, 0xF8,
    0x5F, 0xFF, 0xF8, 0x18, 0x18, 0x18, 0x18, 0x18, 0x18, 0x18, 0x18, 0x18,
    0x18, 0x18, 0x18, 0x1F, 0xFF, 0xF8, 0x1F, 0xFF, 0xF8, 0x18, 0x00, 0x18,
    0x18, 0x00, 0x00, 0x18, 0x00, 0x02, 0x18, 0x00, 0x03, 0x18, 0x00, 0x07,
    0x1F, 0xFF, 0xFE, 0x0F, 0xFF, 0xFC, 0x00, 0x00, 0x00, 0x00, 0x00, 0x00,
};

static const uint8_t glyph_8282_small[] = {
    0x04, 0x20, 0x04, 0x20, 0xFF, 0xFF, 0x04, 0x20, 0x04, 0x20, 0x00, 0x00,
    0x7F, 0xFC, 0x04, 0x04, 0x04, 0x04, 0x04, 0x04, 0x04, 0x04, 0x04, 0x04,
    0x04, 0xF8, 0x04, 0x00, 0x04, 0x00, 0x00, 0x00,
};

static const uint8_t glyph_8282_large[] = {
    0x01, 0x81, 0x80, 0x01, 0x81, 0x80, 0x01, 0x81, 0x80, 0x7F, 0xFF, 0xFE,
    0x7F, 0xFF, 0xFE, 0x01, 0x81, 0x80, 0x01, 0x81, 0x80, 0x01, 0x81, 0x80,
    0x00, 0x00, 0x00, 0x3F, 0xFF, 0xF8, 0x3F, 0xFF, 0xF8, 0x00, 0xC0, 0x18,
    0x00, 0xC0, 0x18, 0x00, 0xC0, 0x18, 0x00, 0xC0, 0x18, 0x00, 0xC0, 0x18,
    0x00, 0xC0, 0x18, 0x00, 0xC0, 0x38, 0x00, 0xC7, 0xF0, 0x00, 0xC7, 0xE0,
    0x00, 0xC0, 0x00, 0x00, 0xC0, 0x00, 0x00, 0xC0, 0x00, 0x00, 0x00, 0x00,
};

static const uint8_t glyph_84DD_small[] = {
    0x00, 0x00, 0x04, 0x20, 0xFF, 0xFF, 0x04, 0x20, 0x00, 0x40, 0x24, 0x7F,
    0x24, 0x80, 0x24, 0x98, 0x25, 0x0C, 0x00, 0x00, 0x3F, 0xFC, 0x22, 0x44,
    0x22, 0x44, 0x22, 0x44, 0xFF, 0xFF, 0x00, 0x00,
};

static const uint8_t glyph_84DD_large[] = {
    0x00, 0x00, 0x00, 0x01, 0x81, 0x80, 0x01, 0x81, 0x80, 0x7F, 0xFF, 0xFF,
    0x7F, 0xFF, 0xFF, 0x01, 0x81, 0x80, 0x00, 0x03, 0x00, 0x18, 0xC3, 0x00,
    0x18, 0xC7, 0xFF, 0x18, 0xC7, 0xFF, 0x18, 0xCE, 0x00, 0x18, 0xCD, 0x80,
    0x18, 0xDC, 0x60, 0x18, 0xC8, 0x18, 0x00, 0x00, 0x00, 0x0F, 0xFF, 0xF8,
    0x0F, 0xFF, 0xF8, 0x0C, 0x63, 0x18, 0x0C, 0x63, 0x18, 0x0C, 0x63, 0x18,
    0x0C, 0x63, 0x18, 0x7F, 0xFF, 0xFF, 0x7F, 0xFF, 0xFF, 0x00, 0x00, 0x00,
};

static const uint8_t glyph_8861_small[] = {
    0x12, 0x00, 0x27, 0xCF, 0x24, 0x80, 0x4F, 0xE0, 0x95, 0x20, 0x35, 0x20,
    0x27, 0xFF, 0x65, 0x24, 0xE7, 0xE4, 0xA5, 0x24, 0x21, 0x04, 0x2F, 0xE4,
    0x23, 0x84, 0x26, 0x64, 0x2C, 0x1C, 0x00, 0x00,
};

static const uint8_t glyph_8861_large[] = {
    0x04, 0x30, 0x00, 0x0E, 0x60, 0x00, 0x0C, 0xFE, 0x3E, 0x19, 0xFE, 0x3E,
    0x33, 0x86, 0x00, 0x71, 0xFF, 0x80, 0xC5, 0x99, 0x80, 0x8F, 0x99, 0x80,
    0x0D, 0x99, 0x80, 0x1D, 0xFF, 0xBF, 0x19, 0x99, 0xBF, 0x39, 0x99, 0x8C,
    0x79, 0xFF, 0x8C, 0xF9, 0x99, 0x8C, 0xD8, 0x18, 0x0C, 0x99, 0xFF, 0x8C,
    0x19, 0xFF, 0x8C, 0x18, 0x38, 0x0C, 0x18, 0x3C, 0x0C, 0x18, 0x66, 0x0C,
    0x18, 0xC3, 0x0C, 0x19, 0x81, 0xFC, 0x1B, 0x00, 0x78, 0x00, 0x00, 0x00,
};

static const uint8_t glyph_8981_small[] = {
    0x00, 0x00, 0x7F, 0xFE, 0x02, 0x20, 0x3F, 0xFC, 0x22, 0x24, 0x22, 0x24,
    0x3F, 0xFC, 0x22, 0x04, 0x06, 0x00, 0x7F, 0xFE, 0x08, 0x10, 0x1E, 0x20,
    0x03, 0xC0, 0x07, 0x70, 0x78, 0x0C, 0x00, 0x00,
};

static const uint8_t glyph_8981_large[] = {
    0x00, 0x00, 0x00, 0x7F, 0xFF, 0xFE, 0x7F, 0xFF, 0xFE, 0x00, 0xC3, 0x00,
    0x00, 0xC3, 0x00, 0x3F, 0xFF, 0xFC, 0x3F, 0xFF, 0xFC, 0x30, 0xC3, 0x0C,
    0x30, 0xC3, 0x0C, 0x3F, 0xFF, 0xFC, 0x3F, 0xFF, 0xFC, 0x30, 0x40, 0x0C,
    0x00, 0xE0, 0x00, 0x00, 0xC0, 0x00, 0xFF, 0xFF, 0xFF, 0xFF, 0xFF, 0xFF,
    0x03, 0x00, 0xC0, 0x0F, 0x03, 0x80, 0x03, 0xFF, 0x00, 0x00, 0x3F, 0x80,
    0x7F, 0xF7, 0xFC, 0x3E, 0x00, 0x38, 0x00, 0x00, 0x00, 0x00, 0x00, 0x00,
};

static const uint8_t glyph_89C2_small[] = {
    0x00, 0x00, 0x01, 0xFC, 0x7D, 0x04, 0x05, 0x24, 0x45, 0x24, 0x25, 0x24,
    0x39, 0x24, 0x19, 0x24, 0x19, 0x24, 0x19, 0x34, 0x1C, 0x70, 0x34, 0x51,
    0x62, 0xD1, 0x41, 0x91, 0x83, 0x1E, 0x00, 0x00,
};

static const uint8_t glyph_89C2_large[] = {
    0x00, 0x00, 0x00, 0x00, 0x3F, 0xFC, 0x7F, 0x3F, 0xFC, 0x7F, 0x30, 0x0C,
    0x03, 0x30, 0x0C, 0x03, 0x31, 0x8C, 0x23, 0x31, 0x8C, 0x63, 0x31, 0x8C,
    0x36, 0x31, 0x8C, 0x36, 0x31, 0x8C, 0x1E, 0x31, 0x8C, 0x1E, 0x31, 0x8C,
    0x0C, 0x31, 0x8C, 0x0C, 0x31, 0xCC, 0x0E, 0x03, 0xC0, 0x1E, 0x03, 0xC2,
    0x1B, 0x06, 0xC3, 0x33, 0x06, 0xC3, 0x71, 0x9C, 0xC3, 0x61, 0x38, 0xC7,
    0xC0, 0xF0, 0xFE, 0x41, 0xE0, 0x7E, 0x00, 0x80, 0x00, 0x00, 0x00, 0x00,
};

static const uint8_t glyph_89C6_small[] = {
    0x20, 0x00, 0x11, 0xFC, 0x11, 0x04, 0xF9, 0x24, 0x19, 0x24, 0x19, 0x24,
    0x31, 0x24, 0x79, 0x24, 0xFD, 0x24, 0x95, 0x34, 0x10, 0x70, 0x10, 0x71,
    0x10, 0xD1, 0x10, 0x91, 0x13, 0x1E, 0x16, 0x00,
};

static const uint8_t glyph_89C6_large[] = {
    0x08, 0x00, 0x00, 0x1C, 0x3F, 0xFC, 0x0E, 0x3F, 0xFC, 0x04, 0x30, 0x0C,
    0x00, 0x30, 0x0C, 0x7F, 0x31, 0x8C, 0x7F, 0x31, 0x8C, 0x03, 0x31, 0x8C,
    0x06, 0x31, 0x8C, 0x06, 0x31, 0x8C, 0x0C, 0x31, 0x8C, 0x1F, 0x31, 0x8C,
    0x3F, 0xB1, 0x8C, 0x6C, 0xF1, 0xEC, 0x6C, 0x71, 0xEC, 0x4C, 0x33, 0xEC,
    0x0C, 0x03, 0x62, 0x0C, 0x07, 0x63, 0x0C, 0x07, 0x63, 0x0C, 0x0E, 0x63,
    0x0C, 0x1C, 0x63, 0x0C, 0x78, 0x7E, 0x0C, 0xF0, 0x3E, 0x0C, 0x40, 0x00,
};

static const uint8_t glyph_89C9_small[] = {
    0x22, 0x08, 0x11, 0x18, 0x08, 0x90, 0x7F, 0xFE, 0x40, 0x02, 0x40, 0x02,
    0x1F, 0xF0, 0x10, 0x10, 0x11, 0x10, 0x11, 0x10, 0x11, 0x90, 0x13, 0x92,
    0x06, 0x82, 0x1C, 0x82, 0x60, 0xFC, 0x00, 0x00,
};

static const uint8_t glyph_89C9_large[] = {
    0x10, 0x10, 0x10, 0x18, 0x38, 0x38, 0x0C, 0x18, 0x30, 0x0E, 0x1C, 0x70,
    0x04, 0x08, 0x60, 0x7F, 0xFF, 0xFE, 0x7F, 0xFF, 0xFE, 0x60, 0x00, 0x06,
    0x60, 0x00, 0x06, 0x6F, 0xFF, 0xF6, 0x0F, 0xFF, 0xF0, 0x0C, 0x00, 0x30,
    0x0C, 0x18, 0x30, 0x0C, 0x18, 0x30, 0x0C, 0x18, 0x30, 0x0C, 0x3C, 0x30,
    0x0C, 0x3C, 0x30, 0x0C, 0x6C, 0x33, 0x00, 0x6C, 0x03, 0x00, 0xCC, 0x03,
    0x03, 0x8C, 0x07, 0x1E, 0x0F, 0xFE, 0xF8, 0x07, 0xFC, 0x60, 0x00, 0x00,
};

static const uint8_t glyph_89E6_small[] = {
    0x10, 0x00, 0x30, 0x10, 0x3C, 0x10, 0x6C, 0x10, 0x48, 0xFE, 0xFE, 0x92,
    0x4A, 0x92, 0x4A, 0x92, 0x7E, 0x92, 0x4A, 0xFE, 0x4A, 0x90, 0x7E, 0x14,
    0x4A, 0x12, 0x4A, 0x1E, 0xC3, 0xE1, 0x8E, 0x01,
};

static const uint8_t glyph_89E6_large[] = {
    0x06, 0x00, 0x60, 0x0C, 0x00, 0x60, 0x1F, 0xC0, 0x60, 0x18, 0xC0, 0x60,
    0x31, 0x80, 0x60, 0x61, 0x87, 0xFE, 0xFF, 0xF7, 0xFE, 0x33, 0x36, 0x66,
    0x33, 0x36, 0x66, 0x33, 0x36, 0x66, 0x3F, 0xF6, 0x66, 0x33, 0x36, 0x66,
    0x33, 0x37, 0xFE, 0x33, 0x37, 0xFE, 0x33, 0x36, 0x60, 0x3F, 0xF0, 0x60,
    0x33, 0x30, 0x68, 0x33, 0x30, 0x6C, 0x33, 0x30, 0x64, 0x63, 0x30, 0x7E,
    0x63, 0x37, 0xE6, 0xC1, 0xF6, 0x03, 0x81, 0xE0, 0x02, 0x00, 0x00, 0x00,
};

static const uint8_t glyph_8BA4_small[] = {
    0x20, 0x20, 0x10, 0x20, 0x18, 0x20, 0x08, 0x20, 0x00, 0x20, 0x70, 0x20,
    0x10, 0x20, 0x10, 0x30, 0x10, 0x50, 0x12, 0x50, 0x16, 0xC8, 0x1C, 0x88,
    0x19, 0x04, 0x13, 0x06, 0x06, 0x03, 0x00, 0x00,
};

static const uint8_t glyph_8BA4_large[] = {
    0x20, 0x03, 0x00, 0x30, 0x03, 0x00, 0x18, 0x03, 0x00, 0x0C, 0x03, 0x00,
    0x0E, 0x03, 0x00, 0x04, 0x03, 0x00, 0x00, 0x03, 0x00, 0x00, 0x03, 0x00,
    0xF8, 0x03, 0x00, 0xF8, 0x03, 0x80, 0x18, 0x03, 0x80, 0x18, 0x07, 0x80,
    0x18, 0x06, 0x80, 0x18, 0x06, 0xC0, 0x18, 0x4C, 0xC0, 0x18, 0xCC, 0x60,
    0x19, 0x9C, 0x60, 0x1F, 0x18, 0x30, 0x1C, 0x30, 0x38, 0x38, 0x70, 0x1C,
    0x10, 0xE0, 0x0E, 0x01, 0xC0, 0x07, 0x00, 0x80, 0x02, 0x00, 0x00, 0x00,
};

static const uint8_t glyph_8BD5_small[] = {
    0x40, 0x14, 0x20, 0x12, 0x30, 0x10, 0x07, 0xFF, 0x00, 0x10, 0xE0, 0x10,
    0x20, 0x10, 0x27, 0xD0, 0x21, 0x10, 0x21, 0x10, 0x29, 0x08, 0x29, 0x09,
    0x31, 0xE9, 0x2F, 0x05, 0x40, 0x06, 0x00, 0x00,
};

static const uint8_t glyph_8BD5_large[] = {
    0x00, 0x00, 0xC0, 0x40, 0x00, 0xC8, 0x60, 0x00, 0xDE, 0x30, 0x00, 0xC4,
    0x18, 0x00, 0xC0, 0x0D, 0xFF, 0xFF, 0x01, 0xFF, 0xFF, 0x00, 0x00, 0xC0,
    0xF8, 0x00, 0xC0, 0xF8, 0x00, 0xC0, 0x19, 0xFE, 0xC0, 0x19, 0xFE, 0xC0,
    0x18, 0x30, 0xC0, 0x18, 0x30, 0xC0, 0x18, 0x30, 0x60, 0x19, 0x30, 0x60,
    0x1B, 0x30, 0x63, 0x1F, 0x30, 0x63, 0x1E, 0x3F, 0x63, 0x1D, 0xFF, 0x33,
    0x39, 0xF0, 0x3A, 0x10, 0x00, 0x1E, 0x00, 0x00, 0x0E, 0x00, 0x00, 0x00,
};

static const uint8_t glyph_8BF7_small[] = {
    0x40, 0x40, 0x27, 0xFE, 0x10, 0x40, 0x07, 0xFC, 0x00, 0x40, 0xEF, 0xFE,
    0x20, 0x00, 0x23, 0xFC, 0x22, 0x04, 0x23, 0xFC, 0x22, 0x04, 0x2B, 0xFC,
    0x32, 0x04, 0x42, 0x3C, 0x00, 0x00, 0x00, 0x00,
};

static const uint8_t glyph_8BF7_large[] = {
    0x00, 0x03, 0x00, 0x20, 0x03, 0x00, 0x31, 0xFF, 0xFF, 0x19, 0xFF, 0xFF,
    0x1C, 0x03, 0x00, 0x08, 0xFF, 0xFE, 0x00, 0xFF, 0xFE, 0x00, 0x03, 0x00,
    0x7F, 0xFF, 0xFF, 0x7F, 0xFF, 0xFF, 0x0C, 0x00, 0x00, 0x0C, 0x7F, 0xFC,
    0x0C, 0x7F, 0xFC, 0x0C, 0x60, 0x0C, 0x0C, 0x7F, 0xFC, 0x0C, 0x7F, 0xFC,
    0x0C, 0x60, 0x0C, 0x0D, 0x7F, 0xFC, 0x0D, 0x7F, 0xFC, 0x0F, 0x60, 0x0C,
    0x0E, 0x60, 0x0C, 0x18, 0x60, 0xFC, 0x08, 0x60, 0xF8, 0x00, 0x00, 0x00,
};

static const uint8_t glyph_8BFB_small[] = {
    0x40, 0x40, 0x20, 0x40, 0x37, 0xFE, 0x10, 0x40, 0x00, 0x40, 0x0F, 0xFE,
    0xE3, 0x02, 0x21, 0xA2, 0x26, 0x20, 0x23, 0x20, 0x2F, 0xFE, 0x28, 0x60,
    0x30, 0xF0, 0x63, 0x8C, 0x4C, 0x06, 0x00, 0x00,
};

static const uint8_t glyph_8BFB_large[] = {
    0x00, 0x03, 0x00, 0x20, 0x03, 0x00, 0x30, 0x03, 0x00, 0x19, 0xFF, 0xFE,
    0x1D, 0xFF, 0xFE, 0x08, 0x03, 0x00, 0x00, 0x03, 0x00, 0x01, 0xFF, 0xFE,
    0x79, 0xFF, 0xFE, 0x78, 0x60, 0x06, 0x18, 0x31, 0x86, 0x18, 0xCD, 0x86,
    0x18, 0x67, 0x80, 0x18, 0x31, 0x80, 0x18, 0x19, 0x80, 0x19, 0xFF, 0xFF,
    0x19, 0xFF, 0xFF, 0x19, 0x03, 0x00, 0x1B, 0x07, 0xC0, 0x1F, 0x0E, 0xF0,
    0x1C, 0x7C, 0x3C, 0x39, 0xF0, 0x0F, 0x10, 0xC0, 0x02, 0x00, 0x00, 0x00,
};

static const uint8_t glyph_8DB3_small[] = {
    0x00, 0x00, 0x3F, 0xFC, 0x20, 0x04, 0x20, 0x04, 0x20, 0x04, 0x3F, 0xFC,
    0x20, 0x84, 0x00, 0x80, 0x10, 0x80, 0x10, 0xFE, 0x10, 0x80, 0x30, 0x80,
    0x3C, 0x80, 0x47, 0xFF, 0x80, 0x00, 0x00, 0x00,
};

static const uint8_t glyph_8DB3_large[] = {
    0x00, 0x00, 0x00, 0x1F, 0xFF, 0xF8, 0x1F, 0xFF, 0xF8, 0x18, 0x00, 0x18,
    0x18, 0x00, 0x18, 0x18, 0x00, 0x18, 0x18, 0x00, 0x18, 0x18, 0x00, 0x18,
    0x1F, 0xFF, 0xF8, 0x1F, 0xFF, 0xF8, 0x18, 0x18, 0x18, 0x00, 0x18, 0x00,
    0x0C, 0x18, 0x00, 0x0C, 0x1F, 0xFC, 0x0C, 0x1F, 0xFC, 0x18, 0x18, 0x00,
    0x18, 0x18, 0x00, 0x1C, 0x18, 0x00, 0x36, 0x18, 0x00, 0x33, 0x98, 0x00,
    0x61, 0xFF, 0xFF, 0xE0, 0x7F, 0xFE, 0x40, 0x00, 0x00, 0x00, 0x00, 0x00,
};

static const uint8_t glyph_8F83_small[] = {
    0x08, 0x20, 0x10, 0x10, 0x7F, 0xFF, 0x10, 0x00, 0x28, 0x4C, 0x28, 0x82,
    0x49, 0x01, 0x7E, 0x44, 0x08, 0x44, 0x08, 0x28, 0x0E, 0x28, 0x78, 0x18,
    0x08, 0x68, 0x09, 0xC6, 0x0B, 0x03, 0x00, 0x00,
};

static const uint8_t glyph_8F83_large[] = {
    0x06, 0x02, 0x00, 0x06, 0x03, 0x00, 0x0C, 0x01, 0x80, 0x0C, 0x01, 0xC0,
    0xFF, 0xDF, 0xFE, 0xFF, 0xDF, 0xFE, 0x18, 0x00, 0x00, 0x1B, 0x04, 0x20,
    0x33, 0x0C, 0x38, 0x33, 0x18, 0x0C, 0x33, 0x30, 0x06, 0x63, 0x20, 0x02,
    0x7F, 0xC4, 0x30, 0x7F, 0xCE, 0x30, 0x03, 0x06, 0x60, 0x03, 0x07, 0x60,
    0x03, 0xE3, 0x60, 0xFF, 0xC3, 0xC0, 0xFB, 0x03, 0xC0, 0x03, 0x07, 0xF0,
    0x03, 0x1E, 0x7C, 0x03, 0x78, 0x3E, 0x03, 0x30, 0x0C, 0x00, 0x00, 0x00,
};

static const uint8_t glyph_8FC7_small[] = {
    0x40, 0x08, 0x20, 0x08, 0x30, 0x08, 0x17, 0xFF, 0x00, 0x08, 0xE2, 0x08,
    0x23, 0x08, 0x21, 0x08, 0x20, 0x88, 0x20, 0x88, 0x20, 0x08, 0x20, 0xF0,
    0x60, 0x00, 0xD8, 0x00, 0x8F, 0xFF, 0x00, 0x00,
};

static const uint8_t glyph_8FC7_large[] = {
    0x00, 0x00, 0x00, 0x40, 0x00, 0x60, 0x60, 0x00, 0x60, 0x30, 0x00, 0x60,
    0x38, 0x00, 0x60, 0x11, 0xFF, 0xFE, 0x01, 0xFF, 0xFE, 0x00, 0x00, 0x60,
    0x00, 0x00, 0x60, 0xF8, 0x80, 0x60, 0xF8, 0xC0, 0x60, 0x18, 0x60, 0x60,
    0x18, 0x30, 0x60, 0x18, 0x38, 0x60, 0x18, 0x10, 0x60, 0x18, 0x00, 0x60,
    0x18, 0x00, 0x60, 0x18, 0x0F, 0xE0, 0x18, 0x0F, 0xC0, 0x3C, 0x00, 0x00,
    0x6E, 0x00, 0x00, 0xC7, 0xFF, 0xFE, 0x81, 0xFF, 0xFC, 0x00, 0x00, 0x00,
};

static const uint8_t glyph_9002_small[] = {
    0x40, 0x3C, 0x27, 0xC0, 0x30, 0x40, 0x10, 0x40, 0x0F, 0xFE, 0xE0, 0x40,
    0x20, 0x40, 0x23, 0xFC, 0x22, 0x04, 0x22, 0x04, 0x22, 0x04, 0x23, 0xFC,
    0x62, 0x04, 0xD0, 0x00, 0x8F, 0xFE, 0x00, 0x00,
};

static const uint8_t glyph_9002_large[] = {
    0x00, 0x00, 0x00, 0x10, 0x00, 0x7E, 0x38, 0x7F, 0xFE, 0x1C, 0x7F, 0x80,
    0x0E, 0x01, 0x80, 0x04, 0x01, 0x80, 0x01, 0xFF, 0xFF, 0x01, 0xFF, 0xFF,
    0x00, 0x01, 0x80, 0x7C, 0x01, 0x80, 0x7C, 0x01, 0x80, 0x0C, 0x7F, 0xFC,
    0x0C, 0x7F, 0xFC, 0x0C, 0x60, 0x0C, 0x0C, 0x60, 0x0C, 0x0C, 0x60, 0x0C,
    0x0C, 0x7F, 0xFC, 0x0C, 0x7F, 0xFC, 0x0C, 0x60, 0x0C, 0x1E, 0x00, 0x00,
    0x37, 0x00, 0x00, 0x63, 0xFF, 0xFF, 0x40, 0xFF, 0xFE, 0x00, 0x00, 0x00,
};

static const uint8_t glyph_901A_small[] = {
    0x40, 0x00, 0x27, 0xFC, 0x30, 0x18, 0x13, 0x30, 0x01, 0xC0, 0x07, 0xFC,
    0xE4, 0x44, 0x27, 0xFC, 0x24, 0x44, 0x27, 0xFC, 0x24, 0x44, 0x24, 0x44,
    0x24, 0x7C, 0x50, 0x00, 0x8F, 0xFE, 0x00, 0x00,
};

static const uint8_t glyph_901A_large[] = {
    0x00, 0x00, 0x00, 0x10, 0x00, 0x00, 0x38, 0xFF, 0xFC, 0x1C, 0xFF, 0xFC,
    0x0C, 0x00, 0x38, 0x0E, 0x38, 0xE0, 0x04, 0x0F, 0x00, 0x00, 0xFF, 0xFC,
    0x00, 0xFF, 0xFC, 0x7C, 0xC3, 0x0C, 0x7C, 0xC3, 0x0C, 0x0C, 0xFF, 0xFC,
    0x0C, 0xFF, 0xFC, 0x0C, 0xC3, 0x0C, 0x0C, 0xC3, 0x0C, 0x0C, 0xFF, 0xFC,
    0x0C, 0xFF, 0xFC, 0x0C, 0xC3, 0x0C, 0x0C, 0xC3, 0x7C, 0x1E, 0xC3, 0x78,
    0x37, 0x00, 0x00, 0x63, 0xFF, 0xFF, 0x40, 0xFF, 0xFE, 0x00, 0x00, 0x00,
};

static const uint8_t glyph_906E_small[] = {
    0x40, 0x40, 0x20, 0x20, 0x27, 0xFE, 0x14, 0x00, 0x04, 0x88, 0x07, 0xFE,
    0xE4, 0x88, 0x24, 0x88, 0x24, 0xF8, 0x24, 0x88, 0x24, 0x00, 0x25, 0x54,
    0x2B, 0x4E, 0x6A, 0x4A, 0xD0, 0x00, 0x8F, 0xFE,
};

static const uint8_t glyph_906E_large[] = {
    0x00, 0x01, 0x00, 0x10, 0x03, 0x80, 0x38, 0x01, 0x80, 0x1C, 0xFF, 0xFF,
    0x0C, 0xFF, 0xFF, 0x0E, 0xC0, 0x00, 0x04, 0xCC, 0x30, 0x00, 0xCC, 0x30,
    0x00, 0xFF, 0xFF, 0x78, 0xFF, 0xFF, 0x78, 0xCC, 0x30, 0x18, 0xCC, 0x30,
    0x18, 0xCF, 0xF0, 0x18, 0xCF, 0xF0, 0x18, 0xCC, 0x30, 0x19, 0x80, 0x00,
    0x19, 0xB6, 0xD8, 0x1B, 0xB6, 0xCC, 0x1B, 0x63, 0x6E, 0x3D, 0x23, 0x66,
    0x6F, 0x00, 0x00, 0xC7, 0xFF, 0xFF, 0x81, 0xFF, 0xFE, 0x00, 0x00, 0x00,
};

static const uint8_t glyph_957F_small[] = {
    0x00, 0x00, 0x10, 0x08, 0x10, 0x30, 0x10, 0x60, 0x11, 0x80, 0x16, 0x00,
    0x10, 0x00, 0xFF, 0xFE, 0x11, 0x00, 0x10, 0x80, 0x10, 0xC0, 0x11, 0x60,
    0x1E, 0x18, 0x30, 0x06, 0x00, 0x00, 0x00, 0x00,
};

static const uint8_t glyph_957F_large[] = {
    0x06, 0x00, 0x00, 0x06, 0x00, 0x20, 0x06, 0x00, 0x70, 0x06, 0x01, 0xE0,
    0x06, 0x03, 0xC0, 0x06, 0x0F, 0x00, 0x06, 0x3C, 0x00, 0x06, 0xF0, 0x00,
    0x06, 0x40, 0x00, 0x06, 0x00, 0x00, 0x7F, 0xFF, 0xFE, 0x7F, 0xFF, 0xFE,
    0x06, 0x18, 0x00, 0x06, 0x1C, 0x00, 0x06, 0x0C, 0x00, 0x06, 0x06, 0x00,
    0x06, 0x03, 0x00, 0x06, 0x09, 0xC0, 0x06, 0x38, 0xE0, 0x07, 0xF0, 0x7C,
    0x07, 0xC0, 0x1F, 0x0F, 0x00, 0x06, 0x04, 0x00, 0x00, 0x00, 0x00, 0x00,
};

static const uint8_t glyph_9634_small[] = {
    0x00, 0x00, 0x7D, 0xFE, 0x45, 0x02, 0x49, 0x02, 0x49, 0x02, 0x51, 0xFE,
    0x51, 0x02, 0x51, 0x02, 0x49, 0x02, 0x49, 0xFE, 0x49, 0x02, 0x4B, 0x02,
    0x7A, 0x02, 0x46, 0x02, 0x44, 0x3C, 0x00, 0x00,
};

static const uint8_t glyph_9634_large[] = {
    0x00, 0x00, 0x00, 0x3F, 0x9F, 0xFC, 0x3F, 0x9F, 0xFC, 0x31, 0x98, 0x0C,
    0x33, 0x18, 0x0C, 0x33, 0x18, 0x0C, 0x33, 0x18, 0x0C, 0x36, 0x1F, 0xFC,
    0x36, 0x1F, 0xFC, 0x36, 0x18, 0x0C, 0x33, 0x18, 0x0C, 0x33, 0x18, 0x0C,
    0x31, 0x98, 0x0C, 0x31, 0x9F, 0xFC, 0x31, 0x9F, 0xFC, 0x31, 0x98, 0x0C,
    0x3F, 0xB8, 0x0C, 0x3F, 0x30, 0x0C, 0x30, 0x70, 0x0C, 0x30, 0x60, 0x0C,
    0x30, 0xE1, 0xFC, 0x31, 0xC1, 0xF8, 0x00, 0x80, 0x00, 0x00, 0x00, 0x00,
};

static const uint8_t glyph_9669_small[] = {
    0x00, 0x60, 0x78, 0x60, 0x48, 0x90, 0x49, 0x88, 0x53, 0x06, 0x54, 0x03,
    0x51, 0xFC, 0x48, 0x00, 0x48, 0x42, 0x4A, 0x44, 0x49, 0x24, 0x78, 0xAC,
    0x40, 0x08, 0x47, 0xFF, 0x40, 0x00, 0x00, 0x00,
};

static const uint8_t glyph_9669_large[] = {
    0x00, 0x00, 0x00, 0x00, 0x03, 0x80, 0x3F, 0x83, 0x80, 0x3F, 0x86, 0xC0,
    0x31, 0x86, 0xE0, 0x33, 0x8C, 0x70, 0x33, 0x18, 0x38, 0x33, 0x30, 0x1E,
    0x36, 0x60, 0x0F, 0x36, 0xFF, 0xFA, 0x36, 0x3F, 0xF8, 0x33, 0x00, 0x00,
    0x33, 0x03, 0x08, 0x31, 0x63, 0x9C, 0x31, 0xF1, 0x98, 0x31, 0xB1, 0x98,
    0x31, 0xB0, 0xF0, 0x3F, 0x38, 0xF0, 0x3F, 0x18, 0x60, 0x30, 0x00, 0x60,
    0x30, 0xFF, 0xFE, 0x30, 0xFF, 0xFE, 0x30, 0x00, 0x00, 0x00, 0x00, 0x00,
};

static const uint8_t glyph_9700_small[] = {
    0x00, 0x00, 0x7F, 0xFE, 0x00, 0x80, 0x7F, 0xFE, 0x40, 0x82, 0x5E, 0xBA,
    0x00, 0x80, 0x1E, 0xB8, 0x00, 0x00, 0xFF, 0xFF, 0x01, 0x00, 0x3F, 0xFC,
    0x22, 0x44, 0x22, 0x44, 0x22, 0x7C, 0x00, 0x00,
};

static const uint8_t glyph_9700_large[] = {
    0x00, 0x00, 0x00, 0x3F, 0xFF, 0xFC, 0x00, 0x18, 0x00, 0x00, 0x18, 0x00,
    0x7F, 0xFF, 0xFE, 0x60, 0x18, 0x06, 0x6F, 0xDB, 0xF6, 0x00, 0x18, 0x00,
    0x0F, 0xDB, 0xF0, 0x00, 0x00, 0x00, 0x00, 0x00, 0x00, 0xFF, 0xFF, 0xFF,
    0x00, 0x30, 0x00, 0x00, 0x30, 0x00, 0x3F, 0xFF, 0xFC, 0x30, 0xC3, 0x0C,
    0x30, 0xC3, 0x0C, 0x30, 0xC3, 0x0C, 0x30, 0xC3, 0x0C, 0x30, 0xC3, 0x0C,
    0x30, 0xC3, 0x0C, 0x30, 0x00, 0x78, 0x00, 0x00, 0x00, 0x00, 0x00, 0x00,
};

static const uint8_t glyph_9752_small[] = {
    0x01, 0x00, 0xFF, 0xFE, 0x01, 0x00, 0x7F, 0xFC, 0x01, 0x00, 0xFF, 0xFE,
    0x00, 0x00, 0x3F, 0xF8, 0x20, 0x08, 0x3F, 0xF8, 0x20, 0x08, 0x3F, 0xF8,
    0x20, 0x08, 0x20, 0x08, 0x20, 0x78, 0x00, 0x00,
};

static const uint8_t glyph_9752_large[] = {
    0x00, 0x18, 0x00, 0x00, 0x18, 0x00, 0x7F, 0xFF, 0xFF, 0x7F, 0xFF, 0xFF,
    0x00, 0x18, 0x00, 0x1F, 0xFF, 0xFC, 0x1F, 0xFF, 0xFC, 0x00, 0x18, 0x00,
    0x7F, 0xFF, 0xFF, 0x7F, 0xFF, 0xFF, 0x00, 0x00, 0x00, 0x0F, 0xFF, 0xF8,
    0x0F, 0xFF, 0xF8, 0x0C, 0x00, 0x18, 0x0F, 0xFF, 0xF8, 0x0F, 0xFF, 0xF8,
    0x0C, 0x00, 0x18, 0x0F, 0xFF, 0xF8, 0x0F, 0xFF, 0xF8, 0x0C, 0x00, 0x18,
    0x0C, 0x00, 0x18, 0x0C, 0x03, 0xF8, 0x0C, 0x03, 0xF0, 0x00, 0x00, 0x00,
};

static const uint8_t glyph_9762_small[] = {
    0x00, 0x00, 0xFF, 0xFE, 0x01, 0x00, 0x02, 0x00, 0x7F, 0xFC, 0x44, 0x44,
    0x44, 0x44, 0x47, 0xC4, 0x44, 0x44, 0x44, 0x44, 0x47, 0xC4, 0x44, 0x44,
    0x44, 0x44, 0x7F, 0xFC, 0x40, 0x04, 0x00, 0x00,
};

static const uint8_t glyph_9762_large[] = {
    0x00, 0x00, 0x00, 0x7F, 0xFF, 0xFE, 0x7F, 0xFF, 0xFE, 0x00, 0x30, 0x00,
    0x00, 0x30, 0x00, 0x00, 0x60, 0x00, 0x3F, 0xFF, 0xFC, 0x3F, 0xFF, 0xFC,
    0x30, 0xC1, 0x8C, 0x30, 0xC1, 0x8C, 0x30, 0xFF, 0x8C, 0x30, 0xFF, 0x8C,
    0x30, 0xC1, 0x8C, 0x30, 0xC1, 0x8C, 0x30, 0xC1, 0x8C, 0x30, 0xFF, 0x8C,
    0x30, 0xFF, 0x8C, 0x30, 0xC1, 0x8C, 0x30, 0xC1, 0x8C, 0x3F, 0xFF, 0xFC,
    0x3F, 0xFF, 0xFC, 0x30, 0x00, 0x0C, 0x00, 0x00, 0x00, 0x00, 0x00, 0x00,
};

static const uint8_t glyph_98CE_small[] = {
    0x00, 0x00, 0x3F, 0xF8, 0x20, 0x08, 0x24, 0x28, 0x26, 0x48, 0x22, 0x48,
    0x21, 0x88, 0x21, 0x88, 0x21, 0x88, 0x22, 0xC8, 0x26, 0x68, 0x64, 0x29,
    0x48, 0x19, 0x40, 0x09, 0x80, 0x06, 0x00, 0x00,
};

static const uint8_t glyph_98CE_large[] = {
    0x00, 0x00, 0x00, 0x1F, 0xFF, 0xF0, 0x1F, 0xFF, 0xF0, 0x18, 0x00, 0x30,
    0x18, 0x01, 0x30, 0x19, 0x03, 0xB0, 0x1B, 0x83, 0x30, 0x19, 0xC6, 0x30,
    0x18, 0xCE, 0x30, 0x18, 0x6C, 0x30, 0x18, 0x3C, 0x30, 0x18, 0x38, 0x30,
    0x18, 0x3C, 0x30, 0x18, 0x7E, 0x30, 0x18, 0xE6, 0x30, 0x18, 0xC3, 0x33,
    0x39, 0xC3, 0xB3, 0x33, 0x81, 0xF3, 0x37, 0x00, 0xB3, 0x72, 0x00, 0x3B,
    0x60, 0x00, 0x1E, 0x20, 0x00, 0x0E, 0x00, 0x00, 0x00, 0x00, 0x00, 0x00,
};

static const uint8_t glyph_9AD8_small[] = {
    0x00, 0x00, 0x01, 0x80, 0xFF, 0xFF, 0x00, 0x00, 0x1F, 0xF8, 0x10, 0x08,
    0x1F, 0xF8, 0x00, 0x00, 0x7F, 0xFE, 0x40, 0x02, 0x4F, 0xE2, 0x48, 0x22,
    0x4F, 0xE2, 0x48, 0x02, 0x40, 0x3E, 0x00, 0x00,
};

static const uint8_t glyph_9AD8_large[] = {
    0x00, 0x10, 0x00, 0x00, 0x38, 0x00, 0x7F, 0xFF, 0xFF, 0x7F, 0xFF, 0xFF,
    0x00, 0x00, 0x00, 0x07, 0xFF, 0xF0, 0x06, 0x00, 0x30, 0x06, 0x00, 0x30,
    0x07, 0xFF, 0xF0, 0x06, 0x00, 0x30, 0x00, 0x00, 0x00, 0x00, 0x00, 0x00,
    0x3F, 0xFF, 0xFE, 0x3F, 0xFF, 0xFE, 0x30, 0x00, 0x06, 0x31, 0xFF, 0xC6,
    0x31, 0x80, 0xC6, 0x31, 0x80, 0xC6, 0x31, 0xFF, 0xC6, 0x31, 0x80, 0x06,
    0x30, 0x00, 0x06, 0x30, 0x00, 0xFE, 0x30, 0x00, 0xFC, 0x00, 0x00, 0x00,
};

static const uint8_t glyph_9EC4_small[] = {
    0x04, 0x20, 0xFF, 0xFE, 0x04, 0x20, 0x04, 0x20, 0xFF, 0xFF, 0x01, 0x00,
    0x3F, 0xFC, 0x21, 0x04, 0x3F, 0xFC, 0x21, 0x04, 0x3F, 0xFC, 0x20, 0x04,
    0x0C, 0x60, 0x30, 0x1E, 0xC0, 0x03, 0x00, 0x00,
};

static const uint8_t glyph_9EC4_large[] = {
    0x01, 0x81, 0x80, 0x01, 0x81, 0x80, 0x7F, 0xFF, 0xFE, 0x7F, 0xFF, 0xFE,
    0x01, 0x81, 0x80, 0x01, 0x81, 0x80, 0xFF, 0xFF, 0xFF, 0xFF, 0xFF, 0xFF,
    0x00, 0x18, 0x00, 0x1F, 0xFF, 0xF8, 0x1F, 0xFF, 0xF8, 0x18, 0x18, 0x18,
    0x1F, 0xFF, 0xF8, 0x1F, 0xFF, 0xF8, 0x18, 0x18, 0x18, 0x18, 0x18, 0x18,
    0x1F, 0xFF, 0xF8, 0x1F, 0xFF, 0xF8, 0x18, 0x00, 0x18, 0x00, 0x00, 0x00,
    0x03, 0xC3, 0xF0, 0xFE, 0x00, 0xFF, 0x60, 0x00, 0x06, 0x00, 0x00, 0x00,
};

static const uint8_t glyph_9ED1_small[] = {
    0x00, 0x00, 0x7F, 0xFE, 0x40, 0x82, 0x48, 0x92, 0x44, 0xA2, 0x7F, 0xFE,
    0x00, 0x80, 0x7F, 0xFE, 0x00, 0x80, 0x00, 0x80, 0xFF, 0xFF, 0x00, 0x00,
    0x24, 0x44, 0x46, 0x22, 0x82, 0x21, 0x00, 0x00,
};

static const uint8_t glyph_9ED1_large[] = {
    0x00, 0x00, 0x00, 0x1F, 0xFF, 0xF8, 0x1F, 0xFF, 0xF8, 0x18, 0x18, 0x18,
    0x1B, 0x18, 0x98, 0x19, 0x99, 0xD8, 0x18, 0xDB, 0x18, 0x1F, 0xFF, 0xF8,
    0x1F, 0xFF, 0xF8, 0x18, 0x18, 0x18, 0x00, 0x18, 0x00, 0x1F, 0xFF, 0xF8,
    0x1F, 0xFF, 0xF8, 0x00, 0x18, 0x00, 0x00, 0x18, 0x00, 0x7F, 0xFF, 0xFE,
    0x7F, 0xFF, 0xFE, 0x00, 0x00, 0x00, 0x19, 0x84, 0x20, 0x39, 0xCE, 0x30,
    0x30, 0xC6, 0x1C, 0x70, 0xE7, 0x0E, 0x20, 0x42, 0x04, 0x00, 0x00, 0x00,
};

static const plant_zh_glyph_t PLANT_ZH_GLYPHS[] = {
    {0x4E0D, glyph_4E0D_small, glyph_4E0D_large},
    {0x4E2D, glyph_4E2D_small, glyph_4E2D_large},
    {0x4E8C, glyph_4E8C_small, glyph_4E8C_large},
    {0x4EAE, glyph_4EAE_small, glyph_4EAE_large},
    {0x4F4E, glyph_4F4E_small, glyph_4F4E_large},
    {0x4F60, glyph_4F60_small, glyph_4F60_large},
    {0x4FE1, glyph_4FE1_small, glyph_4FE1_large},
    {0x504F, glyph_504F_small, glyph_504F_large},
    {0x5065, glyph_5065_small, glyph_5065_large},
    {0x5145, glyph_5145_small, glyph_5145_large},
    {0x5149, glyph_5149_small, glyph_5149_large},
    {0x514B, glyph_514B_small, glyph_514B_large},
    {0x517B, glyph_517B_small, glyph_517B_large},
    {0x5206, glyph_5206_small, glyph_5206_large},
    {0x5230, glyph_5230_small, glyph_5230_large},
    {0x529B, glyph_529B_small, glyph_529B_large},
    {0x52A0, glyph_52A0_small, glyph_52A0_large},
    {0x52D2, glyph_52D2_small, glyph_52D2_large},
    {0x538B, glyph_538B_small, glyph_538B_large},
    {0x53D6, glyph_53D6_small, glyph_53D6_large},
    {0x53F6, glyph_53F6_small, glyph_53F6_large},
    {0x53F7, glyph_53F7_small, glyph_53F7_large},
    {0x540E, glyph_540E_small, glyph_540E_large},
    {0x548C, glyph_548C_small, glyph_548C_large},
    {0x54CD, glyph_54CD_small, glyph_54CD_large},
    {0x571F, glyph_571F_small, glyph_571F_large},
    {0x5728, glyph_5728_small, glyph_5728_large},
    {0x5747, glyph_5747_small, glyph_5747_large},
    {0x5883, glyph_5883_small, glyph_5883_large},
    {0x58E4, glyph_58E4_small, glyph_58E4_large},
    {0x590D, glyph_590D_small, glyph_590D_large},
    {0x594F, glyph_594F_small, glyph_594F_large},
    {0x597D, glyph_597D_small, glyph_597D_large},
    {0x5B9E, glyph_5B9E_small, glyph_5B9E_large},
    {0x5BDF, glyph_5BDF_small, glyph_5BDF_large},
    {0x5C31, glyph_5C31_small, glyph_5C31_large},
    {0x5C4F, glyph_5C4F_small, glyph_5C4F_large},
    {0x5DF2, glyph_5DF2_small, glyph_5DF2_large},
    {0x5E55, glyph_5E55_small, glyph_5E55_large},
    {0x5E72, glyph_5E72_small, glyph_5E72_large},
    {0x5E94, glyph_5E94_small, glyph_5E94_large},
    {0x5EA6, glyph_5EA6_small, glyph_5EA6_large},
    {0x5EB7, glyph_5EB7_small, glyph_5EB7_large},
    {0x5F3A, glyph_5F3A_small, glyph_5F3A_large},
    {0x5F53, glyph_5F53_small, glyph_5F53_large},
    {0x6001, glyph_6001_small, glyph_6001_large},
    {0x610F, glyph_610F_small, glyph_610F_large},
    {0x62A4, glyph_62A4_small, glyph_62A4_large},
    {0x6301, glyph_6301_small, glyph_6301_large},
    {0x6392, glyph_6392_small, glyph_6392_large},
    {0x63D0, glyph_63D0_small, glyph_63D0_large},
    {0x6444, glyph_6444_small, glyph_6444_large},
    {0x6478, glyph_6478_small, glyph_6478_large},
    {0x6536, glyph_6536_small, glyph_6536_large},
    {0x6587, glyph_6587_small, glyph_6587_large},
    {0x65AF, glyph_65AF_small, glyph_65AF_large},
    {0x65F6, glyph_65F6_small, glyph_65F6_large},
    {0x660E, glyph_660E_small, glyph_660E_large},
    {0x6696, glyph_6696_small, glyph_6696_large},
    {0x67D4, glyph_67D4_small, glyph_67D4_large},
    {0x67E5, glyph_67E5_small, glyph_67E5_large},
    {0x682A, glyph_682A_small, glyph_682A_large},
    {0x68C0, glyph_68C0_small, glyph_68C0_large},
    {0x690D, glyph_690D_small, glyph_690D_large},
    {0x6B63, glyph_6B63_small, glyph_6B63_large},
    {0x6C0F, glyph_6C0F_small, glyph_6C0F_large},
    {0x6C14, glyph_6C14_small, glyph_6C14_large},
    {0x6C34, glyph_6C34_small, glyph_6C34_large},
    {0x6CE8, glyph_6CE8_small, glyph_6CE8_large},
    {0x6D47, glyph_6D47_small, glyph_6D47_large},
    {0x6D4B, glyph_6D4B_small, glyph_6D4B_large},
    {0x6E29, glyph_6E29_small, glyph_6E29_large},
    {0x6E7F, glyph_6E7F_small, glyph_6E7F_large},
    {0x7167, glyph_7167_small, glyph_7167_large},
    {0x7247, glyph_7247_small, glyph_7247_large},
    {0x7248, glyph_7248_small, glyph_7248_large},
    {0x7269, glyph_7269_small, glyph_7269_large},
    {0x72B6, glyph_72B6_small, glyph_72B6_large},
    {0x73AF, glyph_73AF_small, glyph_73AF_large},
    {0x7406, glyph_7406_small, glyph_7406_large},
    {0x751F, glyph_751F_small, glyph_751F_large},
    {0x754C, glyph_754C_small, glyph_754C_large},
    {0x767D, glyph_767D_small, glyph_767D_large},
    {0x786E, glyph_786E_small, glyph_786E_large},
    {0x79FB, glyph_79FB_small, glyph_79FB_large},
    {0x7A0D, glyph_7A0D_small, glyph_7A0D_large},
    {0x7A7A, glyph_7A7A_small, glyph_7A7A_large},
    {0x7D2B, glyph_7D2B_small, glyph_7D2B_large},
    {0x7EA2, glyph_7EA2_small, glyph_7EA2_large},
    {0x7EBF, glyph_7EBF_small, glyph_7EBF_large},
    {0x7EEA, glyph_7EEA_small, glyph_7EEA_large},
    {0x7EED, glyph_7EED_small, glyph_7EED_large},
    {0x7EFF, glyph_7EFF_small, glyph_7EFF_large},
    {0x8212, glyph_8212_small, glyph_8212_large},
    {0x826F, glyph_826F_small, glyph_826F_large},
    {0x8272, glyph_8272_small, glyph_8272_large},
    {0x8282, glyph_8282_small, glyph_8282_large},
    {0x84DD, glyph_84DD_small, glyph_84DD_large},
    {0x8861, glyph_8861_small, glyph_8861_large},
    {0x8981, glyph_8981_small, glyph_8981_large},
    {0x89C2, glyph_89C2_small, glyph_89C2_large},
    {0x89C6, glyph_89C6_small, glyph_89C6_large},
    {0x89C9, glyph_89C9_small, glyph_89C9_large},
    {0x89E6, glyph_89E6_small, glyph_89E6_large},
    {0x8BA4, glyph_8BA4_small, glyph_8BA4_large},
    {0x8BD5, glyph_8BD5_small, glyph_8BD5_large},
    {0x8BF7, glyph_8BF7_small, glyph_8BF7_large},
    {0x8BFB, glyph_8BFB_small, glyph_8BFB_large},
    {0x8DB3, glyph_8DB3_small, glyph_8DB3_large},
    {0x8F83, glyph_8F83_small, glyph_8F83_large},
    {0x8FC7, glyph_8FC7_small, glyph_8FC7_large},
    {0x9002, glyph_9002_small, glyph_9002_large},
    {0x901A, glyph_901A_small, glyph_901A_large},
    {0x906E, glyph_906E_small, glyph_906E_large},
    {0x957F, glyph_957F_small, glyph_957F_large},
    {0x9634, glyph_9634_small, glyph_9634_large},
    {0x9669, glyph_9669_small, glyph_9669_large},
    {0x9700, glyph_9700_small, glyph_9700_large},
    {0x9752, glyph_9752_small, glyph_9752_large},
    {0x9762, glyph_9762_small, glyph_9762_large},
    {0x98CE, glyph_98CE_small, glyph_98CE_large},
    {0x9AD8, glyph_9AD8_small, glyph_9AD8_large},
    {0x9EC4, glyph_9EC4_small, glyph_9EC4_large},
    {0x9ED1, glyph_9ED1_small, glyph_9ED1_large},
};

static const size_t PLANT_ZH_GLYPH_COUNT = sizeof(PLANT_ZH_GLYPHS) / sizeof(PLANT_ZH_GLYPHS[0]);
